,epidemic_id,date_range,pathogen,locations,country,hosts,source_reports
0,flu_00001,2011-12-06 to 2012-03-21,H5N1 subtype,"distretto di Siwan (admin level 2), Bihar (admin level 1); Kolkata destrict (admin level 2), West Bengal (admin level 1); Bhopal district (admin level 2), Madhya Pradesh (admin level 1); Distrito de Bhopal (admin level 2), Madhya Pradesh (admin level 1); Lalitpur district (admin level 2), Uttar Pradesh (admin level 1); Mayurbhanj district (admin level 2), Odisha (admin level 1); Khordha district (admin level 2), Odisha (admin level 1); Punjab (admin level 1); Jharkhand (admin level 1); Tripura (admin level 1); Khurdan piirikunta (admin level 2), Odisha (admin level 1); Orissa (admin level 1); Visakhapatnam district (admin level 2), Andhra Pradesh (admin level 1)",India,Aves; Corvus macrorhynchos; Corvus; Galliformes; Gallus gallus; Anas,2012_04_09_2; 2012_02_02_13; 2012_02_02_1; 2012_02_02_3; 2012_03_23_2; 2011_12_06_1; 2012_02_22_1; 2012_03_23_7; 2012_02_02_4; 2012_02_22_3; 2012_02_02_10
1,flu_00002,2007-06-21 to 2007-07-17,H5N1 subtype,Central Bohemian Region (admin level 1); South Bohemia Region (admin level 1); South Moravian Region (admin level 1),Czech Republic,Phasianidae; Aves; Galliformes,2007_07_17_2; 2007_06_22_4; 2007_07_03_2
2,flu_00003,2008-08-01 to 2008-08-15,H5N1 subtype,"Mayo-Kebbi Ouest Region (admin level 1); Katsina State (admin level 1); Juneau, Alaska (admin level 2), Alaska (admin level 1); Kebbi State (admin level 1); Kano State (admin level 1); Gombe State (admin level 1)",Nigeria,Aves; Gallus gallus; Anas platyrhynchos; Galliformes,2008_08_15_2; 2008_08_01_4
3,flu_00004,2014-11-18 to 2015-01-23,H5N8 subtype,Kumamoto Prefecture (admin level 1); Miyazaki Prefecture (admin level 1),Japan,Aves; Gallus gallus; Galliformes,2014_11_18_1; 2014_12_29_5; 2014_12_09_1; 2015_01_23_4; 2014_12_19_4
4,flu_00005,2016-11-18 to 2017-05-31,H7N9 subtype,"Rizhao (admin level 2), Shandong (admin level 1); Jiangsu (admin level 1); Fujian (admin level 1); Nanchang (admin level 2), Jiangxi (admin level 1); Guangdong (admin level 1); Fuzhou (admin level 2), Fujian (admin level 1); Meizhou (kapital sa prepektura sa Republikang Popular sa Tsina) (admin level 2), Guangdong (admin level 1); Henan (admin level 1); Jiangxi (admin level 1); Anhui (admin level 1); Hong Kong (admin level 1); Hubei (admin level 1); Sichuan (admin level 1); Huzhou (admin level 2), Zhejiang (admin level 1); Zhejiang (admin level 1); Suzhou (admin level 2), Jiangsu (admin level 1); Wuhan (admin level 2), Hubei (admin level 1); Tibet (admin level 1); Suzhou (admin level 2), Anhui (admin level 1); Nantong (admin level 2), Jiangsu (admin level 1); Guizhou (admin level 1); Hengyang (admin level 2), Hunan (admin level 1)",People's Republic of China,Aves; Gallus gallus; Galliformes; Homo sapiens,2016_11_18_9; 2017_05_30_3; 2017_05_12_13; 2016_12_29_13; 2017_01_10_21; 2017_01_23_10; 2017_01_13_7; 2017_06_06_2; 2017_03_03_2; 2017_01_13_8; 2016_12_20_17; 2017_03_03_10; 2017_05_30_10; 2017_01_10_22; 2017_02_07_17; 2016_12_29_14; 2017_03_22_15; 2017_01_23_9
5,flu_00006,2011-02-28 to 2011-09-15,H5N1 subtype,"Quang Ngai (admin level 2), Quảng Ngãi (admin level 1); Distretto di Tu Son (admin level 2), Bac Ninh (admin level 1); Bac Kan (admin level 1); Distretto di Binh Minh (admin level 2), Vĩnh Long Province (admin level 1); Gia Nghia (admin level 2), Đắk Nông (admin level 1); Lang Son (admin level 2), Lạng Sơn (admin level 1); Ha Nam (admin level 1); Tan Binh (admin level 2), Ho Chi Minh City (admin level 1); Vinh Long (cidade) (admin level 2), Vĩnh Long (admin level 1); Tan Phu (admin level 2), Ho Chi Minh City (admin level 1)",Vietnam,Aves; Gallus gallus; Galliformes; Anas,2011_09_15_3; 2011_05_25_2; 2011_09_15_8; 2011_06_10_1; 2011_02_28_4; 2011_04_28_5; 2011_08_02_2; 2011_04_05_3
6,flu_00007,2007-09-05 to 2008-03-14,H5N1 subtype,"Turpan (admin level 2), Xinjiang (admin level 1); Guangzhou (kapital sa lalawigan) (admin level 2), Guangdong (admin level 1); Guangdong (admin level 1); Hong Kong (admin level 1); Guizhou (admin level 1); Cheung Prey District (admin level 2), Kampong Cham Province (admin level 1)",People's Republic of China,Aves; Egretta garzetta; Galliformes; Homo sapiens; Gallus gallus; Anas,2008_03_07_1; 2007_11_30_1; 2008_03_14_1; 2008_02_08_1; 2008_02_20_1; 2007_12_18_1; 2008_03_03_3; 2008_01_10_4; 2008_03_27_3; 2007_09_21_2
7,flu_00008,2007-03-20 to 2007-03-23,H5N1 subtype,Kunar (admin level 1); Kabul Province (admin level 1); Nangarhar (admin level 1),Afghanistan,Aves; Galliformes,2007_03_20_3; 2007_04_02_2
8,flu_00009,2016-08-19 to 2016-08-25,H9N2 subtype,Jiangxi (admin level 1); Yunnan (admin level 1),People's Republic of China,Homo sapiens,2016_09_09_5
9,flu_00010,2011-11-10 to 2012-01-03,H5N1 subtype,Gharbia Governorate (admin level 1); Dakahlia Governorate (admin level 1),Egypt,Aves; Gallus gallus; Galliformes; Anas; Homo sapiens,2012_02_02_5; 2011_12_06_6
10,flu_00011,2008-12-25 to 2009-07-25,H5N1 subtype,"Vinh Long (admin level 2), Vĩnh Long (admin level 1); Hoang Mai (admin level 2), Hanoi (admin level 1); Bac Lieu (admin level 1); Bac Ninh (admin level 1); Hau Giang (admin level 1); Dong Thap Province (admin level 1); Thanh Hoa (admin level 2), Thanh Hóa (admin level 1); Dien Bien Phu (admin level 2), Điện Biên (admin level 1); Long Xuyen (admin level 2), An Giang (admin level 1); Ha Tinh (admin level 1); Soc Trang (admin level 2), Sóc Trăng (admin level 1); Ca Mau (admin level 1)",Vietnam,Aves; Gallus gallus; Galliformes; Anas; Homo sapiens,2009_03_02_8; 2009_02_06_5; 2009_05_22_2; 2009_06_29_3; 2009_05_15_2; 2009_03_23_5; 2009_02_13_6; 2009_02_06_10; 2009_05_05_3; 2009_01_14_10; 2009_05_01_5; 2009_03_30_6; 2009_08_03_5
11,flu_00012,2009-08-28 to 2009-09-25,H5N1 subtype,Damietta Governorate (admin level 1); Alexandria Governorate (admin level 1),Egypt,Aves; Gallus gallus; Galliformes; Anas; Homo sapiens,2009_09_25_3; 2009_09_08_3
12,flu_00013,2008-10-15 to 2009-05-05,H5N1 subtype,"Lhasa (admin level 2), Tibet (admin level 1); Shenzhen (admin level 2), Guangdong (admin level 1); Yulin (admin level 2), Shaanxi (admin level 1); Hong Kong (admin level 1); Beijing (admin level 1); Hunan (admin level 1); Huaihua (admin level 2), Hunan (admin level 1); Xinjiang (admin level 1); Jiangsu Province (admin level 1); Qinghai (admin level 1); Guizhou (admin level 1); Saint Thomas Lowland Parish (admin level 1)",People's Republic of China,Aves; Anser; Galliformes; Homo sapiens; Passeridae; Gallus gallus; Anas,2009_01_14_4; 2009_02_13_3; 2009_01_30_5; 2009_01_14_9; 2008_12_12_2; 2009_03_02_1; 2008_10_24_1; 2009_03_17_4; 2009_05_11_2; 2009_02_06_3; 2009_01_21_4; 2009_05_22_1; 2009_02_23_2; 2009_04_28_2; 2009_02_06_8; 2009_03_10_1; 2009_01_14_8; 2009_01_14_1
13,flu_00014,2008-10-09 to 2008-10-09,H5N1 subtype,"Yesan (admin level 2), South Chungcheong Province (admin level 1); Seoul (admin level 1)",South Korea,Aves; Galliformes; Anas,2008_10_09_2
14,flu_00015,2011-12-12 to 2012-09-11,H5N1 subtype,"Tibet (admin level 1); Stueng Hav District (admin level 2), Sihanoukville (admin level 1); Shenzhen (admin level 2), Guangdong (admin level 1); Guangzhou (kapital sa lalawigan) (admin level 2), Guangdong (admin level 1); Sangdang-gu (admin level 2), Cheongju (admin level 1); Hong Kong (admin level 1); Guangzhou (admin level 2), Guangdong (admin level 1); Ningxia Hui Autonomous Region (admin level 1)",People's Republic of China,Copsychus saularis; Aves; Chroicocephalus ridibundus; Lonchura punctulata; Columbidae; Erithacus rubecula; Corvus splendens; Galliformes; Anas platyrhynchos; Homo sapiens; Cepora; Gallus gallus; Falco peregrinus calidus; Anas,2012_06_28_1; 2012_01_06_5; 2012_09_20_1; 2012_09_07_1; 2012_04_09_1; 2011_12_22_5; 2012_02_29_1; 2012_06_11_6; 2012_04_12_1; 2012_07_24_1; 2011_12_16_4; 2012_03_12_1; 2012_01_06_1; 2012_03_06_1; 2012_03_23_1; 2012_02_22_2; 2012_04_25_2; 2012_02_02_9
15,flu_00016,2009-11-09 to 2011-07-11,H5N1 subtype,"Tabanan Regency (admin level 2), Bali (admin level 1); Luwu Utara (admin level 2), South Sulawesi (admin level 1); West Sumatra (admin level 1); Boyolali (admin level 2), Central Java Province (admin level 1); Balikpapan (admin level 2), East Kalimantan (admin level 1); Denpasar (admin level 2), Bali (admin level 1); Riau Province (admin level 1); Gunungkidul (admin level 2), Special Region of Yogyakarta (admin level 1); Luwu Timur (admin level 2), South Sulawesi (admin level 1); Banten Province (admin level 1); Banda Aceh (admin level 2), Aceh (admin level 1); Jakarta (admin level 1); North Sulawesi Province (admin level 1); Bekasi Regency (admin level 2), West Java Province (admin level 1); Palopo (admin level 2), South Sulawesi (admin level 1); Tebo (admin level 2), Jambi Province (admin level 1); Pontianak, Indonesia (admin level 2), Kalimantan Barat (admin level 1); Pekanbaru (admin level 2), Riau Province (admin level 1); Jambi Province (admin level 1); Badung Regency (admin level 2), Bali (admin level 1); Aceh (admin level 1); Barru (admin level 2), South Sulawesi (admin level 1); South Tangerang (admin level 2), Banten Province (admin level 1); Kabupaten Dharmasraya (admin level 2), West Sumatra (admin level 1); Padang Lawas Utara (admin level 2), North Sumatra Province (admin level 1); Desa Bangli (admin level 2), Bali (admin level 1); Kabupaten Karawang (admin level 2), West Java Province (admin level 1); Bengkulu Province (admin level 1); Kotamobagu (admin level 2), North Sulawesi Province (admin level 1); South Sulawesi (admin level 1); Bangka Tengah (admin level 2), Bangka Belitung Islands (admin level 1); Kobarid Municipality (admin level 1); Kabupaten Pinrang (admin level 2), South Sulawesi (admin level 1); Central Java Province (admin level 1); North Padang Lawas Regency (admin level 2), North Sumatra Province (admin level 1); Kecamatan Karangasem (admin level 2), Bali (admin level 1); Lampung Province (admin level 1); Cirebon (admin level 2), West Java Province (admin level 1); kabupaten de Bandung occidental (admin level 2), West Java Province (admin level 1); Soppeng (admin level 2), South Sulawesi (admin level 1); Bolaang Mongondow Utara (admin level 2), North Sulawesi Province (admin level 1); Bulukumba (admin level 2), South Sulawesi (admin level 1); Surabaya (admin level 2), East Java (admin level 1); Bali (admin level 1); Padangsidimpuan (admin level 2), North Sumatra Province (admin level 1); Pontianak (admin level 2), Kalimantan Barat (admin level 1); Samarinda (admin level 2), East Kalimantan (admin level 1); Kalimantan Selatan (admin level 1); West Java Province (admin level 1); Gorontalo Province (admin level 1); Yogyakarta (admin level 1); Riau Islands Province (admin level 1); East Java (admin level 1); Kepulauan Riau (admin level 1)",Indonesia,Phasianidae; Aves; Columbidae; Sus scrofa; Galliformes; Homo sapiens; Gallus gallus; Anas,2011_03_29_4; 2011_03_15_10; 2010_03_01_5; 2010_10_01_2; 2010_10_27_1; 2011_05_31_1; 2010_12_09_6; 2010_08_16_4; 2010_01_20_5; 2010_08_18_4; 2011_02_28_3; 2010_12_17_2; 2011_02_22_5; 2010_08_18_6; 2011_04_12_2; 2010_10_01_1; 2011_04_12_5; 2010_12_03_7; 2010_05_28_3; 2010_01_27_4; 2010_02_19_4; 2010_08_06_2; 2010_10_08_1; 2010_05_17_2; 2011_01_14_4; 2011_01_28_4; 2011_01_28_7; 2010_07_02_4; 2010_01_12_8; 2011_02_11_9; 2011_03_07_4; 2011_06_10_3; 2011_01_24_3; 2010_07_23_1; 2010_02_03_2; 2010_05_10_3; 2011_06_20_1; 2010_08_20_4; 2010_08_16_6; 2011_05_18_5; 2010_05_04_3; 2009_11_20_2; 2010_04_26_3; 2010_10_15_3; 2010_08_26_2; 2010_02_03_6; 2011_03_29_7; 2010_06_29_3; 2010_10_08_3; 2011_04_28_2; 2011_07_11_2; 2011_04_05_1; 2010_08_20_1; 2011_04_28_8; 2010_08_06_1; 2010_03_19_1; 2010_06_07_5; 2010_03_26_4; 2010_09_09_2; 2010_07_23_2; 2011_03_22_6; 2010_09_24_1
16,flu_00017,2009-10-26 to 2009-10-26,H5N1 subtype,Guangdong (admin level 1); Hong Kong (admin level 1),People's Republic of China,Homo sapiens,2009_11_06_3
17,flu_00018,2015-06-26 to 2015-07-24,H5N1 subtype,"Qiannanin buyien ja miaojen autonominen prefektuuri (admin level 2), Guizhou (admin level 1); Tibet Autonomous Region (admin level 1); Changzhou (admin level 2), Jiangsu (admin level 1); Inner Mongolia (admin level 1)",People's Republic of China,Aves; Chroicocephalus ridibundus; Podicipedidae; Anser; Cepora; Gallus gallus; Anas,2015_07_24_1; 2015_06_26_1
18,flu_00019,2007-12-19 to 2008-05-23,H5N1 subtype,"West Bengal (admin level 1); Dhaka Division (admin level 1); Distrito de Bhopal (admin level 2), Madhya Pradesh (admin level 1); Bhopal district (admin level 2), Madhya Pradesh (admin level 1); Tripura (admin level 1); Sipahijala district (admin level 2), Tripura (admin level 1); Malda (admin level 2), West Bengal (admin level 1); Hamirpur district (admin level 2), Uttar Pradesh (admin level 1)",India,Aves; Gallus gallus; Galliformes; Anas; Homo sapiens,2008_01_04_3; 2008_03_14_4; 2008_02_01_3; 2008_04_30_2; 2008_03_03_4; 2008_05_02_2; 2008_05_23_2; 2008_05_16_2; 2008_03_27_4; 2008_03_28_2; 2008_02_08_5; 2008_04_15_2
19,flu_00020,2016-01-29 to 2016-04-11,H5N1 subtype,South Sulawesi (admin level 1),Indonesia,Aves; Gallus gallus; Anas,2016_01_29_1; 2016_03_21_3; 2016_04_11_2
20,flu_00021,2015-07-10 to 2016-07-05,H5N1 subtype,Plateau State (admin level 1); Bayelsa State (admin level 1); Kano State (admin level 1); Kaduna State (admin level 1); Benue-Plateau State (admin level 1); Lagos (admin level 1),Nigeria,Aves; Gallus gallus; Anas; Homo sapiens,2015_08_07_5; 2015_11_20_3; 2016_01_15_3; 2016_01_22_4; 2016_02_22_4; 2016_07_05_3; 2015_10_05_3; 2015_09_30_2; 2015_08_24_5; 2015_08_28_2; 2016_01_29_3; 2016_03_14_5; 2015_07_20_3; 2016_04_11_3; 2016_06_10_3; 2015_07_10_2; 2015_07_31_4; 2015_09_18_3; 2016_01_08_3
21,flu_00022,2014-12-16 to 2015-07-31,H5N2 subtype,"Blue Earth County (admin level 2), Minnesota (admin level 1); Clallam County (admin level 2), Washington (admin level 1); Stearns County (admin level 2), Minnesota (admin level 1); United States Virgin Islands (admin level 1); Oxford County (admin level 2), Maine (admin level 1); Renville County (admin level 2), North Dakota (admin level 1); Hamilton County, Iowa (admin level 2), Iowa (admin level 1); Whatcom County (admin level 2), Washington (admin level 1); Buena Vista County (admin level 2), Iowa (admin level 1); Pipestone County (admin level 2), Minnesota (admin level 1); Nobles County (admin level 2), Minnesota (admin level 1); Kandiyohi County (admin level 2), Minnesota (admin level 1); Sioux County, Iowa (admin level 2), Iowa (admin level 1); Dickey County (admin level 2), North Dakota (admin level 1); Michigan (admin level 1); Wright County (admin level 2), Minnesota (admin level 1); Minnesota (admin level 1); South Dakota (admin level 1); Leavenworth County (admin level 2), Kansas (admin level 1); Barron County (admin level 2), Wisconsin (admin level 1); Calhoun County (admin level 2), Iowa (admin level 1); Jasper County (admin level 2), Texas (admin level 1); Meeker County (admin level 2), Minnesota (admin level 1); Wisconsin (admin level 1); Renville County (admin level 2), Minnesota (admin level 1); McCracken County (admin level 2), Kentucky (admin level 1); Osceola County (admin level 2), Iowa (admin level 1); comté de Elizabeth City (admin level 2), Virginia (admin level 1); Jefferson County, Iowa (admin level 2), Iowa (admin level 1); Hamilton County (admin level 2), Iowa (admin level 1); Montana (admin level 1); Massac County (admin level 2), Illinois (admin level 1); Brown County (kondado sa Estados Unidos, Minnesota) (admin level 2), Minnesota (admin level 1); Moody County (admin level 2), South Dakota (admin level 1); Arizona (admin level 1); Washington (admin level 1); Oconto County (admin level 2), Wisconsin (admin level 1); Morrow megye (admin level 2), Oregon (admin level 1); Missouri (admin level 1); New Mexico (admin level 1); Beadle County (admin level 2), South Dakota (admin level 1); Adair County (admin level 2), Oklahoma (admin level 1); Dixon County (admin level 2), Nebraska (admin level 1); Roseau County (admin level 2), Minnesota (admin level 1); Alaska (admin level 1); Benton County (admin level 2), Mississippi (admin level 1); Cherokee County (admin level 2), Texas (admin level 1); Sac County (admin level 2), Iowa (admin level 1); McPherson County, Nebraska (admin level 2), Nebraska (admin level 1); Montana Province (admin level 1); Lewis County (admin level 2), Washington (admin level 1); Juneau County (admin level 2), Wisconsin (admin level 1); Iowa (admin level 1); Sioux County (kondado sa Estados Unidos, North Dakota) (admin level 2), North Dakota (admin level 1); Macomb County (admin level 2), Michigan (admin level 1)",United States of America,Phasianidae; Aves; Branta canadensis; Anser; Anatidae; Galliformes; Homo sapiens; Gallus gallus; Anas,2015_04_03_8; 2015_04_17_7; 2015_04_17_9; 2015_03_27_3; 2015_06_26_4; 2015_04_17_11; 2015_05_01_1; 2014_12_29_2; 2015_01_08_7; 2015_06_12_2; 2015_05_01_2; 2015_06_19_4; 2015_03_20_1; 2015_04_24_9; 2015_05_01_7; 2016_09_01_1; 2015_04_17_8; 2015_04_17_10; 2015_04_17_12; 2014_12_16_1; 2015_05_11_4; 2015_05_29_5; 2015_04_24_8; 2015_03_13_1; 2015_07_08_2; 2016_02_22_2; 2015_06_05_5; 2015_05_11_2; 2015_07_08_5; 2015_05_01_5; 2015_02_23_3; 2015_05_15_4; 2015_06_12_4; 2015_01_23_10; 2015_05_01_4; 2015_04_03_2; 2015_05_01_6; 2015_03_02_2; 2015_05_22_5; 2015_04_24_10; 2015_03_20_6
22,flu_00023,2016-11-28 to 2017-1-24,H5N8 subtype,Aomori Prefecture (admin level 1); Niigata Prefecture (admin level 1),Japan,Aves; Gallus gallus; Anas; Homo sapiens,2016_12_06_13; 2017_02_01_10; 2016_12_13_16
23,flu_00024,2009-10-21 to 2010-07-18,H5N1 subtype,"Bac Giang (admin level 1); Hoang Mai (admin level 2), Hanoi (admin level 1); Thanh Hóa (admin level 1); Gia Lai (admin level 1); Bac Kan (admin level 1); Cao Bang (admin level 1); Ha Tinh (admin level 1); Dien Bien Phu (admin level 2), Điện Biên (admin level 1); Kon Tum (admin level 1); Thai Nguyen (admin level 2), Thái Nguyên (admin level 1); Khanh Hoa (admin level 1); Soc Trang (admin level 2), Sóc Trăng (admin level 1); Ca Mau (admin level 1)",Vietnam,Aves; Erithacus rubecula; Galliformes; Homo sapiens; Gallus gallus; Anas,2009_12_14_2; 2010_05_04_2; 2010_08_20_2; 2010_07_02_3; 2010_03_01_3; 2010_03_09_4; 2010_01_27_5; 2010_03_09_6; 2010_04_12_3; 2010_03_01_6; 2010_04_19_3; 2010_02_19_2; 2009_11_06_2; 2010_08_26_3; 2010_01_12_5
24,flu_00025,2015-01-23 to 2015-03-27,H5N1 subtype,"Jiangsu (admin level 1); Henan (admin level 1); Kunming (admin level 2), Yunnan (admin level 1); Sanmenxia (admin level 2), Henan (admin level 1)",People's Republic of China,Aves; Anas; Homo sapiens,2015_01_23_1; 2015_01_30_7; 2015_03_27_6
25,flu_00026,2012-03-30 to 2012-05-27,H5N1 subtype,Phnom Penh (admin level 2); Kampong Chhnang Province (admin level 1); Kampong Speu Province (admin level 1),Cambodia,Aves; Sus scrofa; Galliformes; Homo sapiens; Gallus gallus; Metazoa,2012_06_11_3; 2012_04_12_4; 2012_06_11_7
26,flu_00027,2009-01-14 to 2009-05-09,H5N1 subtype,"Gaibandha District (admin level 2), Rangpur Division (admin level 1); Bileh Savar County (admin level 2), Ardabil Province (admin level 1); Chittagong District (admin level 2), Chattogram Division (admin level 1); Netrakona (admin level 2), Mymensingh Division (admin level 1); Gaibandha (admin level 2), Rangpur Division (admin level 1); Comilla District (admin level 2), Chattogram Division (admin level 1); Kurigram (admin level 2), Rangpur Division (admin level 1); Rajshahi Division (admin level 1); Dhaka Division (admin level 1)",Bangladesh,Aves; Gallus gallus; Galliformes; Anas; Homo sapiens,2009_01_14_2; 2009_06_19_1; 2009_02_23_4; 2009_03_10_2; 2009_04_20_2; 2009_02_06_2; 2009_02_13_2; 2009_03_17_3; 2009_04_28_1
27,flu_00028,2012-09-12 to 2012-09-20,H7N3 subtype,Jalisco (admin level 1),Mexico,Aves; Galliformes; Homo sapiens,2012_09_14_1; 2012_09_20_3
28,flu_00029,2008-02-01 to 2009-09-08,H5N1 subtype,"Merangin Regency (admin level 2), Jambi Province (admin level 1); Wonogiri (admin level 2), Central Java Province (admin level 1); Riau Province (admin level 1); Banten Province (admin level 1); Jakarta (admin level 1); Bekasi Regency (admin level 2), West Java Province (admin level 1); Asahan (admin level 2), North Sumatra Province (admin level 1); Kepulauan Riau (admin level 1); Pekanbaru (admin level 2), Riau Province (admin level 1); Bekasi (admin level 2), West Java Province (admin level 1); Banyuwangi (admin level 2), East Java (admin level 1); Jambi Province (admin level 1); Kabupatén Tangerang (admin level 2), Banten Province (admin level 1); Central Sulawesi Province (admin level 1); Malang (admin level 2), East Java (admin level 1); Badung Regency (admin level 2), Bali (admin level 1); Bantul (admin level 2), Special Region of Yogyakarta (admin level 1); Kabupaten Dharmasraya (admin level 2), West Sumatra (admin level 1); Kabupaten Bekasi (admin level 2), West Java Province (admin level 1); Depok (admin level 2), West Java Province (admin level 1); South Sulawesi (admin level 1); Tombali Region (admin level 1); Lampung Province (admin level 1); Bali (admin level 1); West Java Province (admin level 1); South Jakarta (admin level 2), Jakarta (admin level 1); Bandung Regency (admin level 2), West Java Province (admin level 1); East Java (admin level 1); Ngawi (admin level 2), East Java (admin level 1); North Sumatra Province (admin level 1)",Indonesia,Aves; Gallus gallus; Galliformes; Lonchura punctulata; Homo sapiens,2008_08_15_3; 2009_03_30_5; 2008_05_23_3; 2009_02_13_5; 2008_08_11_5; 2008_09_26_4; 2008_09_08_3; 2008_11_14_5; 2009_01_30_3; 2009_09_08_2; 2009_07_21_2; 2009_01_30_8; 2008_04_03_5; 2009_01_21_6; 2008_11_26_2; 2008_09_11_4; 2009_06_29_2; 2009_03_02_5; 2009_03_10_5; 2008_02_01_4; 2009_08_07_3; 2009_07_10_2; 2008_06_26_4; 2009_03_23_3; 2008_07_18_3; 2009_04_08_5; 2009_02_13_9; 2008_02_20_3; 2008_11_26_3; 2008_12_12_4; 2009_05_05_1; 2009_04_20_5; 2009_05_01_3; 2008_10_16_3
29,flu_00030,2012-08-10 to 2012-09-25,H5N1 subtype,Central Java Province (admin level 1); Special Region of Yogyakarta (admin level 1),Indonesia,Aves; Galliformes; Anas; Homo sapiens,2012_08_20_3; 2012_12_27_2
30,flu_00031,2013-10-28 to 2015-06-12,H7N9 subtype,"Jiangsu (admin level 1); Anhui Province (admin level 1); Fujian (admin level 1); Guangdong (admin level 1); Jiangmen (admin level 2), Guangdong (admin level 1); Meizhou (kapital sa prepektura sa Republikang Popular sa Tsina) (admin level 2), Guangdong (admin level 1); Dongguan (admin level 2), Guangdong (admin level 1); Heyuan (admin level 2), Guangdong (admin level 1); Zhuhai (admin level 2), Guangdong (admin level 1); Shandong (admin level 1); Jiangxi (admin level 1); Anhui (admin level 1); Guangzhou (kapital sa lalawigan) (admin level 2), Guangdong (admin level 1); Hong Kong (admin level 1); Jiangsu Province (Republic of China) (admin level 1); Beijing (admin level 1); Hubei (admin level 1); Zhongshan (admin level 2), Guangdong (admin level 1); Shenzhen (admin level 2), Guangdong (admin level 1); Zhejiang (admin level 1); Shanghai (admin level 1); Guangxi Zhuang Autonomous Region (admin level 1); Urumqi (admin level 2), Xinjiang (admin level 1); Yangjiang (admin level 2), Guangdong (admin level 1); Hebei (admin level 1); Chaoyang (admin level 2), Liaoning (admin level 1); Hunan (admin level 1); Guizhou (admin level 1)",People's Republic of China,Aves; Gallus gallus; Galliformes; Anas; Homo sapiens,2015_03_06_6; 2014_12_29_9; 2013_11_08_4; 2014_01_31_3; 2016_10_03_6; 2013_12_13_2; 2014_03_07_2; 2014_02_19_1; 2014_02_07_3; 2014_11_12_2; 2014_05_16_2; 2014_05_23_1; 2014_06_17_2; 2014_01_31_2; 2014_12_16_3; 2015_02_13_5; 2014_01_09_7; 2014_03_07_6; 2014_12_23_5; 2014_04_10_9; 2014_06_06_1; 2015_01_08_11; 2014_05_30_1; 2015_01_30_6; 2014_03_07_7; 2014_01_22_6; 2015_05_01_8; 2014_06_23_3; 2014_07_21_1; 2014_02_19_12; 2013_12_06_3; 2013_10_28_4; 2014_11_03_10; 2014_10_24_5; 2014_03_07_13; 2015_03_02_11; 2015_05_29_7; 2015_06_12_5; 2014_05_16_1; 2015_01_08_6; 2014_01_09_10; 2014_01_31_6; 2014_12_09_5; 2014_04_10_4
31,flu_00032,2014-01-31 to 2014-02-07,Influenza A virus,"Nanchang (admin level 2), Jiangxi (admin level 1); Jiangxi (admin level 1)",People's Republic of China,Aves; Galliformes; Homo sapiens,2014_02_07_4; 2014_01_31_5
32,flu_00033,2010-04-17 to 2010-04-22,H5N1 subtype,Prey Veng Province (admin level 1),Cambodia,Gallus gallus; Galliformes; Anas; Homo sapiens,2010_04_26_2; 2010_05_10_1
33,flu_00034,2017-05-30 to 2017-06-13,H5N8 subtype,"North Jeolla Province (admin level 1); Gunsan (admin level 2), North Jeolla Province (admin level 1); Gyeonggi Province (admin level 1); Jeju (admin level 1)",South Korea,Aves; Gallus gallus; Corvus macrorhynchos; Anas; Galliformes,2017_06_13_3; 2017_05_30_8; 2017_06_06_6
34,flu_00035,2012-02-24 to 2012-02-24,H5N1 subtype,Yangon Region (admin level 1); Sagaing Region (admin level 1); Mandalay Region (admin level 1),Myanmar,Aves; Gallus gallus; Galliformes,2012_03_06_3
35,flu_00036,2006-11-14 to 2007-06-04,H5N1 subtype,"Lhasa (admin level 2), Tibet (admin level 1); Anhui Province (admin level 1); Nanchang (admin level 2), Jiangxi (admin level 1); New London County, Connecticut (admin level 2), Connecticut (admin level 1); Hong Kong (admin level 1); Hunan (admin level 1); Districtul Kuchinarai (admin level 2), Kalasin (admin level 1); Heilongjiang (admin level 1)",People's Republic of China,Aves; Pica pica; Lonchura punctulata; Falco peregrinus; Lanius schach; Sturnus vulgaris; Psittacidae; Galliformes; Pionus menstruus; Homo sapiens; Corvus splendens; Gallus gallus; Sturnus sericeus; Anas,2007_06_01_1; 2007_01_18_4; 2007_01_08_2; 2007_04_06_1; 2007_02_07_1; 2007_02_16_1; 2006_11_14_1; 2006_12_07_1; 2007_03_20_1; 2007_03_08_1; 2007_05_30_2; 2007_06_12_1; 2007_06_15_1; 2007_06_22_1; 2007_01_22_1; 2007_01_18_1
36,flu_00037,2011-09-15 to 2012-04-16,H5N1 subtype,"Bengkulu Province (admin level 1); Bali (admin level 1); Special Region of Yogyakarta (admin level 1); South Sulawesi (admin level 1); Denpasar (admin level 2), Bali (admin level 1); Kabupatèn Lombok Wétan (admin level 2), West Nusa Tenggara (admin level 1); Mataram (admin level 2), West Nusa Tenggara (admin level 1); West Lombok Regency (admin level 2), West Nusa Tenggara (admin level 1); Kota Denpasar (admin level 2), Bali (admin level 1); Central Java Province (admin level 1); West Java Province (admin level 1); North Jakarta (admin level 2), Jakarta (admin level 1); North Lombok Regency (admin level 2), West Nusa Tenggara (admin level 1); Bekasi Regency (admin level 2), West Java Province (admin level 1); North Sumatra Province (admin level 1)",Indonesia,Galliformes; Anas; Gallus gallus; Aves; Homo sapiens,2011_10_18_3; 2012_02_22_6; 2011_10_24_2; 2012_04_12_6; 2012_03_12_5; 2012_04_09_4; 2012_02_02_8; 2012_04_16_1; 2012_02_29_6; 2011_10_18_1; 2011_09_15_4; 2011_09_21_4; 2011_10_24_1; 2011_10_07_1; 2011_11_17_9; 2011_10_31_1; 2011_12_06_3
37,flu_00038,2008-04-21 to 2008-05-05,H5N1 subtype,Aomori Prefecture (admin level 1); Akita Prefecture (admin level 1),Japan,Aves; Gallus gallus; Anas,2008_05_02_1; 2008_05_16_1
38,flu_00039,2014-11-26 to 2015-05-29,H5N1 subtype,"Chandigarh (admin level 1); Amethi district (admin level 2), Uttar Pradesh (admin level 1); Kollam (admin level 2), Kerala (admin level 1); Sultanpur district (admin level 2), Uttar Pradesh (admin level 1); Kottayam district (admin level 2), Kerala (admin level 1)",India,Aves; Columbidae; Anser; Galliformes; Homo sapiens; Corvus splendens; Gallus gallus; Anas,2015_05_29_3; 2014_11_26_2; 2014_12_19_5; 2015_04_17_4; 2015_03_20_4; 2015_01_30_2; 2015_03_27_2
39,flu_00040,2015-11-25 to 2016-06-07,H5N6 subtype,"Guangdong (admin level 1); Hong Kong (admin level 1); Xiangxi Tujia eta Miao Prefektura autonomoa (admin level 2), Hunan (admin level 1); Huizhou (admin level 2), Guangdong (admin level 1); Zhuzhou (kapital sa prepektura sa Republikang Popular sa Tsina) (admin level 2), Hunan (admin level 1); Ganzhou (admin level 2), Jiangxi (admin level 1)",People's Republic of China,Aves; Gallus gallus; Galliformes; Anas; Homo sapiens,2016_06_07_7; 2016_01_08_1; 2016_03_21_7; 2016_01_22_1; 2016_03_21_1; 2016_06_10_5; 2015_12_18_1; 2016_03_14_1; 2016_01_15_6; 2016_02_29_2; 2016_01_08_6; 2015_11_25_1; 2016_05_03_4; 2016_06_24_2; 2016_05_06_6; 2016_01_22_9
40,flu_00041,2012-12-03 to 2012-12-03,H5N1 subtype,Damietta Governorate (admin level 1),Egypt,Galliformes; Homo sapiens,2012_12_21_3
41,flu_00042,2014-09-25 to 2014-10-25,H5N1 subtype,"Gorontalo Province (admin level 1); Reggenza di Bone Bolango (admin level 2), Gorontalo Province (admin level 1)",Indonesia,Gallus gallus,2014_11_03_9
42,flu_00043,2007-07-05 to 2007-09-04,H5N1 subtype,"Bavaria (admin level 1); Leipzig (city); Lower Saxony (admin level 1); Thuringia (admin level 1); Kreis Jena-Land (admin level 2), Gera District (admin level 1)",Germany,Aves; Galliformes; Anas,2007_09_04_2; 2007_07_17_3; 2007_07_05_2
43,flu_00044,2013-07-18 to 2013-11-15,H5N1 subtype,"Kampot Province (admin level 1); Pailin Province (admin level 1); Romdoul District (admin level 2), Svay Rieng Province (admin level 1); Pursat Province (admin level 1); Kandal Province (admin level 1); Baray (distrito) (admin level 2), Kampong Thom Province (admin level 1); Prey Veng Province (admin level 1); Kampong Speu Province (admin level 1); Battambang Province (admin level 1)",Cambodia,Aves; Gallus gallus; Galliformes; Anas; Homo sapiens,2013_10_28_5; 2013_09_23_2; 2013_08_23_3; 2013_08_19_2; 2013_11_08_3; 2013_07_18_2; 2013_11_15_2; 2013_11_01_2
44,flu_00045,2012-11-30 to 2012-12-31,H5N1 subtype,"Bogor (admin level 2), West Java Province (admin level 1); Semarang (admin level 2), Central Java Province (admin level 1); Banten Province (admin level 1); West Java Province (admin level 1)",Indonesia,Galliformes; Gallus gallus; Anas; Homo sapiens,2012_12_14_2; 2012_12_21_1; 2012_12_27_2; 2012_02_02_8; 2012_12_21_4; 2013_01_25_1
45,flu_00046,2007-05-01 to 2007-05-03,H5N1 subtype,United States Virgin Islands (admin level 1),United States of America,Aves,2007_05_03_2; 2007_05_11_1
46,flu_00047,2012-11-15 to 2013-05-03,H5N1 subtype,"Gazipur District (admin level 2), Dhaka Division (admin level 1); Dhaka Division (admin level 1)",Bangladesh,Aves; Gallus gallus; Galliformes; Homo sapiens,2013_04_30_4; 2012_11_15_1; 2012_02_02_11; 2013_02_11_2; 2013_05_03_1; 2012_12_27_1
47,flu_00048,2017-12-21 to 2017-12-21,H5N8 subtype,"Gorzów County (admin level 2), Lubusz Voivodeship (admin level 1)",Poland,Aves; Gallus gallus; Anas,2017_01_10_16
48,flu_00049,2016-11-23 to 2016-12-20,Influenza A virus,Astrakhan Oblast (admin level 1); Republic of Kalmykia (admin level 1),Russia,Aves; Galliformes; Homo sapiens,2016_12_13_18; 2016_12_20_14
49,flu_00050,2007-12-14 to 2007-12-25,H5N1 subtype,"Lower Saxony (admin level 1); Berlin (admin level 1); Goerlitz District (admin level 2), Dresden District (admin level 1); Neubrandenburg District (admin level 1)",Germany,Aves; Gallus gallus; Galliformes,2007_12_21_3; 2008_01_25_3; 2008_10_09_4; 2008_01_04_5
50,flu_00051,2016-11-07 to 2017-02-01,H5N8 subtype,Brandenburg (admin level 1); Mecklenburg-Vorpommern (admin level 1),Germany,Aves; Galliformes; Anas platyrhynchos; Homo sapiens; Larus marinus; Anas; Gallus gallus; Laridae,2016_12_06_4; 2016_12_06_9; 2016_11_15_4; 2016_11_15_10; 2016_12_13_5; 2017_02_01_3
51,flu_00052,2009-10-10 to 2009-10-19,H1N1 subtype,Norway (country),Norway,Galliformes; Sus scrofa,2009_10_22_1; 2009_11_20_3
52,flu_00053,2012-08-06 to 2012-08-20,H5N1 subtype,"Ninh Binh (admin level 2), Ninh Bình (admin level 1); Hai Duong (admin level 1); Nam Dinh (admin level 2), Nam Định (admin level 1)",Vietnam,Aves; Galliformes,2012_08_20_1; 2012_08_10_1; 2012_08_06_2
53,flu_00054,2015-01-16 to 2015-02-13,H5N8 subtype,"Busan (admin level 1); Seoul (admin level 1); Anseong (admin level 2), Gyeonggi Province (admin level 1); Sejong City (admin level 1)",South Korea,Aves; Gallus gallus; Anser; Anas,2015_02_13_1; 2015_01_16_2
54,flu_00055,2010-01-12 to 2010-01-12,H1N1 subtype,Yamagata Prefecture (admin level 1),Japan,Sus scrofa,2010_01_27_2
55,flu_00056,2012-06-11 to 2012-06-11,Influenza A virus,Amur Oblast (admin level 1),Russia,Galliformes,2012_06_11_5
56,flu_00057,2013-09-09 to 2013-09-09,H7N3 subtype,Jalisco (admin level 1),Mexico,Aves; Galliformes,2013_09_09_3
57,flu_00058,2015-01-23 to 2015-01-23,H5N1 subtype,Haifa District (admin level 1),Israel,Aves,2015_01_23_3
58,flu_00059,2009-09-14 to 2010-01-12,H1N1 subtype,"Indiana (admin level 1); Riley County (admin level 2), Kansas (admin level 1); New York (admin level 1); North Carolina (admin level 1); West Kansas (admin level 1)",United States of America,Aves; Sus scrofa; Canis lupus familiaris; Homo sapiens,2010_01_12_13; 2009_11_06_7; 2009_11_20_4; 2009_09_14_3
59,flu_00060,2010-12-18 to 2011-03-14,H5N1 subtype,"Aomori Prefecture (admin level 1); Fukushima Prefecture (admin level 1); Moita (admin level 2), Setúbal District (admin level 1); Miyazaki Prefecture (admin level 1); Mie Prefecture (admin level 1); Nagasaki Prefecture (admin level 1); Aichi Prefecture (admin level 1); Ibaraki Prefecture (admin level 1); Tokushima Prefecture (admin level 1); Yamaguchi Prefecture (admin level 1); Nara Prefecture (admin level 1); Kagoshima Prefecture (admin level 1); Shimane Prefecture (admin level 1); Chiba Prefecture (admin level 1); Tochigi Prefecture (admin level 1)",Japan,Aves; Podiceps cristatus; Galliformes; Anas platyrhynchos; Gallus gallus; Anas,2011_01_24_2; 2011_02_11_1; 2011_01_14_1; 2011_03_22_4; 2011_02_22_2; 2011_01_28_3; 2011_03_15_5; 2011_03_22_1; 2011_02_11_7; 2011_02_22_6; 2011_02_08_3; 2011_01_28_5; 2011_02_08_1; 2011_02_28_1; 2011_03_07_1
60,flu_00061,2015-11-20 to 2015-11-20,H5N1 subtype,Siem Reap Province (admin level 1); Battambang Province (admin level 1),Cambodia,Aves; Anas,2015_11_20_2
61,flu_00062,2016-11-25 to 2017-02-07,H5N8 subtype,"Gotland County (admin level 1); Stockholm County (admin level 1); Utö landskommun (admin level 2), Haninge Municipality (admin level 1); Norrköping Chū-tī-chhī (admin level 2), Östergötland County (admin level 1)",Sweden,Aves; Gallus gallus; Anas platyrhynchos; Galliformes,2017_02_07_15; 2017_01_10_5; 2016_12_06_19
62,flu_00063,2015-03-02 to 2015-05-22,H5N1 subtype,"Vinh Long (cidade) (admin level 2), Vĩnh Long (admin level 1)",Vietnam,Aves; Gallus gallus; Galliformes; Anas; Homo sapiens,2015_03_02_9; 2015_04_17_6; 2015_03_20_7; 2015_05_22_6
63,flu_00064,2009-01-09 to 2009-06-05,H5N1 subtype,Suez Governorate (admin level 1); Sohag Governorate (admin level 1); Qena Governorate (admin level 1); Beheira Governorate (admin level 1); Asyut Governorate (admin level 1); Alexandria Governorate (admin level 1); Cairo Governorate (admin level 1); Qalyubia Governorate (admin level 1),Egypt,Aves; Anser; Galliformes; Homo sapiens; Gallus gallus; Anas,2009_03_23_4; 2009_05_15_3; 2009_01_21_5; 2009_05_11_4; 2009_06_05_3; 2009_05_01_4; 2009_03_17_9; 2009_04_08_4; 2009_05_22_3; 2009_02_13_4; 2009_03_10_4; 2009_02_06_9; 2009_03_30_4; 2009_06_12_4; 2009_02_13_8; 2009_04_28_3; 2009_04_14_3
64,flu_00065,2016-11-15 to 2016-12-20,H5N6 subtype,"Yangju (admin level 2), Gyeonggi Province (admin level 1); Seoul (admin level 1); Cheongju (admin level 2), North Chungcheong Province (admin level 1); Muan megye (admin level 2), South Jeolla Province (admin level 1)",South Korea,Aves; Sus scrofa; Galliformes; Homo sapiens; Gallus gallus; Anas,2016_11_18_8; 2016_11_15_7; 2016_12_29_7; 2016_12_01_10; 2016_12_20_15; 2016_12_29_3
65,flu_00066,2016-01-16 to 2016-03-04,H5N1 subtype,Giza Governorate (admin level 1); Cairo Governorate (admin level 1),Egypt,Aves; Homo sapiens,2016_01_29_5; 2016_01_22_2; 2016_03_21_9
66,flu_00067,2015-10-16 to 2016-07-26,H7N9 subtype,"Jieyang (admin level 2), Guangdong (admin level 1); Jiangsu (admin level 1); Fujian (admin level 1); Longyan (admin level 2), Fujian (admin level 1); Guangdong (admin level 1); Nanchang (admin level 2), Jiangxi (admin level 1); Meizhou (kapital sa prepektura sa Republikang Popular sa Tsina) (admin level 2), Guangdong (admin level 1); Jiangmen (admin level 2), Guangdong (admin level 1); Yongzhou (admin level 2), Hunan (admin level 1); Henan (admin level 1); Jiangxi (admin level 1); Hong Kong (admin level 1); Hubei (admin level 1); Beijing (admin level 1); Langfang (admin level 2), Hebei (admin level 1); Liaoning (admin level 1); Zhongshan (admin level 2), Guangdong (admin level 1); Zhejiang (admin level 1); Zhaoqing (admin level 2), Guangdong (admin level 1); Shenyang (admin level 2), Liaoning (admin level 1); Tianjin (admin level 1); Shaoxing (admin level 2), Zhejiang (admin level 1); Shantou (admin level 2), Guangdong (admin level 1); Hebei (admin level 1); Changzhou (admin level 2), Jiangsu (admin level 1); Hunan (admin level 1); Chaozhou (admin level 2), Guangdong (admin level 1)",People's Republic of China,Aves; Galliformes; Homo sapiens,2016_06_10_2; 2016_01_15_7; 2016_02_08_7; 2016_02_16_3; 2015_11_25_6; 2016_07_29_5; 2016_04_26_10; 2016_01_08_7; 2016_09_01_3; 2016_07_26_2; 2016_02_22_7; 2016_01_29_4; 2015_10_16_5; 2016_03_14_9; 2016_06_07_8; 2016_07_12_5; 2016_03_21_8; 2016_06_17_4; 2016_05_27_2; 2016_05_06_7; 2016_05_20_7; 2016_04_26_11; 2015_11_13_4; 2016_02_29_5
67,flu_00068,2009-04-14 to 2009-05-11,H5N1 subtype,"Kentucky (admin level 1); Giles County (admin level 2), Tennessee (admin level 1); Lincoln County (admin level 2), Mississippi (admin level 1)",United States of America,Aves; Gallus gallus; Galliformes; Homo sapiens,2009_04_14_2; 2009_05_11_3
68,flu_00069,2010-07-21 to 2011-05-21,H5N1 subtype,Giza Governorate (admin level 1); Qena Governorate (admin level 1); Luxor Governorate (admin level 1); Cairo Governorate (admin level 1); Alexandria Governorate (admin level 1); Aswan Governorate (admin level 1); Qalyubia Governorate (admin level 1); Dakahlia Governorate (admin level 1); Gharbia Governorate (admin level 1); Beni Suef Governorate (admin level 1),Egypt,Aves; Gallus gallus; Galliformes; Homo sapiens,2010_10_15_2; 2011_04_05_6; 2011_02_08_4; 2010_12_09_5; 2011_01_14_7; 2010_08_18_2; 2010_08_16_2; 2011_01_24_6; 2010_07_30_3; 2011_06_20_6; 2011_03_15_9; 2011_03_07_3; 2010_08_20_3; 2011_06_07_5; 2010_08_26_4; 2011_04_12_4
69,flu_00070,2009-10-26 to 2009-10-26,H5N1 subtype,Tuva Republic (admin level 1); Moscow (admin level 1),Russia,Aves; Podicipedidae; Galliformes,2009_11_06_1
70,flu_00071,2010-11-01 to 2011-03-15,H5N1 subtype,Hong Kong (admin level 1); Qinghai (admin level 1),People's Republic of China,Copsychus saularis; Aves; Anser; Galliformes; Homo sapiens; Gallus gallus,2011_02_11_5; 2010_11_18_3; 2010_12_03_1; 2011_01_28_2; 2011_01_24_1; 2011_03_15_2
71,flu_00072,2014-10-01 to 2015-03-06,H5N1 subtype,Giza Governorate (admin level 1); Sohag Governorate (admin level 1); Beheira Governorate (admin level 1); Cairo Governorate (admin level 1); Minya Governorate (admin level 1); Faiyum Governorate (admin level 1); Beni Suef Governorate (admin level 1),Egypt,Aves; Gallus gallus; Galliformes; Homo sapiens,2014_11_25_4; 2014_12_09_6; 2014_12_16_5; 2014_12_23_6; 2015_02_13_6; 2014_10_06_2; 2015_01_23_12; 2014_12_29_8; 2015_03_06_7; 2015_03_13_5; 2015_03_02_13; 2014_12_19_6; 2015_01_30_8
72,flu_00073,2013-08-19 to 2013-09-09,H7N7 subtype,"Provincia de Ferrara (admin level 2), Emilia-Romagna (admin level 1); Ferrara (admin level 2), Emilia-Romagna (admin level 1); Bologna (admin level 2), Emilia-Romagna (admin level 1); Provincia Augustae Praetoriensis (admin level 2), Piedmont (admin level 1)",Italy,Phasianidae; Aves; Galliformes,2013_09_09_2; 2013_09_13_2; 2013_08_29_1
73,flu_00074,2016-10-03 to 2016-11-25,H5N2 subtype,South Africa (country),South Africa,Aves,2016_10_03_3; 2016_12_06_17
74,flu_00075,2009-12-22 to 2009-12-22,H1N1 subtype,England (admin level 1),United Kingdom,Sus scrofa,2010_01_12_12
75,flu_00076,2010-01-04 to 2010-02-03,H5N1 subtype,"Gazipur District (admin level 2), Dhaka Division (admin level 1); Sirajganj (distrito sa Bangladesh) (admin level 2), Rajshahi Division (admin level 1); Rajshahi Division (admin level 1)",Bangladesh,Aves; Gallus gallus; Galliformes; Anas; Homo sapiens,2010_02_03_4; 2010_01_27_3; 2010_02_03_1
76,flu_00077,2009-08-05 to 2009-09-08,H5N1 subtype,"Meeker County (admin level 2), Minnesota (admin level 1)",United States of America,Aves; Galliformes; Anas; Homo sapiens,2009_09_08_1; 2009_09_01_1; 2009_08_07_2
77,flu_00078,2015-08-18 to 2015-10-05,H5N2 subtype,South Africa (country),South Africa,Aves,2015_10_05_4; 2015_09_30_3; 2015_08_18_4
78,flu_00079,2010-03-26 to 2010-06-07,H5N1 subtype,"Ezhou (admin level 2), Hubei (admin level 1); Hong Kong (admin level 1); Tibet (admin level 1)",People's Republic of China,Pyrrhocorax pyrrhocorax; Aves; Mareca penelope; Larus brunnicephalus; Anser indicus; Homo sapiens; Cepora,2010_04_02_2; 2010_06_11_1; 2010_07_12_1; 2010_06_07_4; 2010_07_16_1
79,flu_00080,2010-02-24 to 2010-04-01,H5N1 subtype,Damietta Governorate (admin level 1); Gharbia Governorate (admin level 1); Qalyubia Governorate (admin level 1),Egypt,Galliformes; Anas; Homo sapiens,2010_03_09_5; 2010_04_02_4; 2010_03_26_3; 2010_05_28_1
80,flu_00081,2013-10-28 to 2014-03-07,H5N1 subtype,"Dong Thap Province (admin level 1); Bac Ninh (admin level 1); Tan Phu (admin level 2), Ho Chi Minh City (admin level 1)",Vietnam,Aves; Galliformes; Gallus gallus; Anas; Homo sapiens,2013_11_08_1; 2014_02_19_5; 2014_01_09_5; 2014_03_07_5; 2014_02_07_5; 2013_10_28_6; 2014_01_22_2
81,flu_00082,2015-09-30 to 2015-11-20,H5N8 subtype,"North Chungcheong Province (admin level 1); North Pyeongan Province, Republic of Korea (admin level 1); South Jeolla Province (admin level 1); district de Eumseong (admin level 2), North Chungcheong Province (admin level 1)",South Korea,Aves; Gallus gallus; Anas,2015_10_28_4; 2015_09_30_4; 2015_10_05_5; 2015_11_20_4
82,flu_00083,2012-02-02 to 2012-05-22,H5N2 subtype,Taichung (admin level 1),Taiwan,Aves; Gallus gallus; Anas,2012_04_09_3; 2012_05_22_3; 2012_03_12_4
83,flu_00084,2007-06-12 to 2007-06-12,H5N1 subtype,Selangor (admin level 1); Kuala Lumpur (admin level 1),Malaysia,Gallus gallus; Galliformes,2007_06_12_3
84,flu_00085,2015-08-07 to 2016-01-22,H5N6 subtype,"Quang Ngai (admin level 2), Quảng Ngãi (admin level 1)",Vietnam,Aves; Gallus gallus; Anser; Homo sapiens,2015_10_05_6; 2015_11_20_5; 2015_08_28_5; 2015_08_07_8; 2015_10_14_4; 2016_01_22_8; 2015_11_25_5; 2016_01_15_5; 2015_09_04_4; 2015_12_18_5
85,flu_00086,2008-12-12 to 2009-06-12,H5N1 subtype,"Kamrup district (admin level 2), Assam (admin level 1); West Bengal (admin level 1); Darjeeling District (admin level 2), West Bengal (admin level 1); Balrampur district (admin level 2), Uttar Pradesh (admin level 1); Manipur (admin level 1); Darjeeling (admin level 2), West Bengal (admin level 1); Uttar Dinajpur district (admin level 2), West Bengal (admin level 1); Assam (admin level 1); Districte de North Dinajpur (admin level 2), West Bengal (admin level 1)",India,Aves; Gallus gallus; Galliformes; Anser; Anas,2009_05_01_2; 2009_01_14_5; 2009_03_23_1; 2009_06_01_2; 2009_06_05_2; 2008_12_12_3; 2009_04_08_2; 2009_02_06_4; 2009_03_02_2; 2009_02_23_6; 2009_03_23_2; 2009_03_02_4; 2009_05_01_1; 2009_06_12_2
86,flu_00087,2009-04-12 to 2009-04-12,H1N1 subtype,Alberta (admin level 1),Canada,Sus scrofa,2009_05_11_1
87,flu_00088,2010-01-05 to 2010-01-20,H5N1 subtype,"Bhopal district (admin level 2), Madhya Pradesh (admin level 1); Distrito de Bhopal (admin level 2), Madhya Pradesh (admin level 1); Murshidabad district (admin level 2), West Bengal (admin level 1); Assam (admin level 1); district de Murshidabad (admin level 2), West Bengal (admin level 1)",India,Aves; Gallus gallus; Galliformes; Anser; Anas,2010_01_12_2; 2010_01_20_2
88,flu_00089,2011-01-01 to 2011-06-22,H5N1 subtype,"Kishoreganj District (admin level 2), Dhaka Division (admin level 1); Gaibandha District (admin level 2), Rangpur Division (admin level 1); Noakhali District (admin level 2), Chattogram Division (admin level 1); Kalamazoo County (admin level 2), Michigan (admin level 1); Bhola District (admin level 2), Barisal Division (admin level 1); Gazipur District (admin level 2), Dhaka Division (admin level 1); Rajshahi Division (admin level 1); Dhaka Division (admin level 1)",Bangladesh,Aves; Gallus gallus; Galliformes; Homo sapiens,2011_02_22_3; 2011_05_25_1; 2011_03_15_1; 2011_03_29_3; 2011_03_22_5; 2011_04_05_7; 2011_07_11_1; 2011_02_08_2; 2011_01_14_3
89,flu_00090,2013-02-01 to 2013-05-23,H5N1 subtype,Tibet (admin level 1); Zhejiang (admin level 1); Hong Kong (admin level 1); Shanghai (admin level 1); Tibet Autonomous Region (admin level 1); Guizhou (admin level 1),People's Republic of China,Aves; Chroicocephalus ridibundus; Anser; Galliformes; Homo sapiens; Gallus gallus,2013_05_23_4; 2013_02_01_1; 2013_02_15_3; 2013_03_01_4; 2013_04_12_3
90,flu_00091,2010-07-02 to 2010-07-18,H5N1 subtype,"Juneau, Alaska (admin level 2), Alaska (admin level 1); Gia Lai (admin level 1)",United States of America,Aves; Gallus gallus; Galliformes; Anas,2010_08_16_5; 2010_08_18_5; 2010_07_02_1
91,flu_00092,2007-01-07 to 2007-02-07,H5N1 subtype,"Bali (admin level 1); Tangerang (admin level 2), Banten Province (admin level 1); West Java Province (admin level 1)",Indonesia,Sus scrofa; Gallus gallus; Anas; Homo sapiens,2007_01_18_3; 2007_02_07_5
92,flu_00093,2010-12-07 to 2011-05-16,H5N1 subtype,"North Chungcheong Province (admin level 1); Yeoncheon (admin level 2), Gyeonggi Province (admin level 1); Anseong Chhī (admin level 2), Gyeonggi Province (admin level 1); Yeongam County (admin level 2), South Jeolla Province (admin level 1); South Jeolla Province (admin level 1); Pyeongtaek (admin level 2), Gyeonggi Province (admin level 1); Sacheon (admin level 2), South Gyeongsang Province (admin level 1); Seosan (admin level 2), South Chungcheong Province (admin level 1); Gyeonggi Province (admin level 1); Seoul (admin level 1); Sangju (admin level 2), North Gyeongsang Province (admin level 1); Icheon (admin level 2), Gyeonggi Province (admin level 1); North Jeolla Province (admin level 1); Naju (admin level 2), South Jeolla Province (admin level 1)",South Korea,Aves; Galliformes; Anas platyrhynchos; Homo sapiens; Aix galericulata; Gallus gallus; Anas,2010_12_17_1; 2011_04_05_2; 2011_01_24_5; 2011_01_14_2; 2011_02_22_7; 2010_12_09_1; 2011_06_07_1; 2011_01_28_6; 2011_01_14_5; 2011_03_15_8
93,flu_00094,2014-01-16 to 2014-03-20,H5N8 subtype,"South Gyeongsang Province (admin level 1); Gwacheon (admin level 2), Gyeonggi Province (admin level 1); Busan (admin level 1); Gyeonggi Province (admin level 1); Seoul (admin level 1); South Chungcheong Province (admin level 1); North Jeolla Province (admin level 1); Gochang (admin level 2), North Jeolla Province (admin level 1)",South Korea,Aves; Anser fabalis; Galliformes; Homo sapiens; Gallus gallus; Anas,2014_02_19_6; 2014_01_22_1; 2014_03_20_6; 2014_09_30_4; 2014_03_20_1; 2014_01_31_1
94,flu_00095,2011-06-30 to 2011-06-30,H5N1 subtype,"West Java Province (admin level 1); Ratchasan (admin level 2), Chachoengsao (admin level 1)",Thailand,Aves; Homo sapiens,2011_07_11_4
95,flu_00096,2014-01-24 to 2014-04-10,H5N1 subtype,Kampot Province (admin level 1); Kandal Province (admin level 1); Siem Reap Province (admin level 1); Kampong Chhnang Province (admin level 1); Kratié Province (admin level 1),Cambodia,Aves; Gallus gallus; Galliformes; Homo sapiens,2014_03_07_8; 2014_02_07_2; 2014_04_10_8; 2014_03_20_7; 2014_03_07_12; 2014_04_10_6
96,flu_00097,2011-09-06 to 2012-02-26,H5N1 subtype,"Manikganj District (admin level 2), Dhaka Division (admin level 1); Khulna Division (admin level 1); Chuadanga District (admin level 2), Khulna Division (admin level 1); Dhaka Division (admin level 1); distretto di Meherpur (admin level 2), Khulna Division (admin level 1)",Bangladesh,Aves; Gallus gallus; Galliformes; Homo sapiens,2012_02_02_2; 2012_03_06_6; 2011_09_15_6; 2011_12_22_2; 2011_11_17_5; 2012_01_06_3; 2011_09_15_2
97,flu_00098,2006-12-26 to 2007-04-06,H5N1 subtype,"Mueang Suphan Buri (admin level 2), Suphanburi (admin level 1); Districtul Kuchinarai (admin level 2), Kalasin (admin level 1); Phitsanulok (admin level 1)",Thailand,Merops philippinus; Aves; Columbidae; Galliformes; Aegypius monachus; Gallus gallus; Anas,2010_11_05_1; 2007_01_22_2; 2007_02_07_4; 2007_04_06_2
98,flu_00099,2013-01-25 to 2013-03-01,H5N1 subtype,Kampong Speu Province (admin level 1); Kampot Province (admin level 1); Kampong Cham Province (admin level 1),Cambodia,Aves; Galliformes; Homo sapiens,2013_03_01_3; 2013_02_15_2; 2013_01_25_2; 2013_02_01_3
99,flu_00100,2014-02-06 to 2014-04-20,H5N1 subtype,East Java (admin level 1),Indonesia,Aves; Gallus gallus; Homo sapiens; Anas; Galliformes,2014_09_10_3; 2014_02_19_3; 2014_02_19_4; 2014_06_23_4
100,flu_00101,2013-03-25 to 2013-08-19,H7N9 subtype,"Shantou (admin level 2), Guangdong (admin level 1); Anhui (admin level 1); Hebei (admin level 1); Hangzhou (kapital sa lalawigan sa Republikang Popular sa Tsina) (admin level 2), Zhejiang (admin level 1); Jiangsu (admin level 1); Jiangxi (admin level 1); Zhejiang (admin level 1); Fujian (admin level 1); Guangdong (admin level 1); Hong Kong (admin level 1); Shanghai (admin level 1); Beijing (admin level 1)",People's Republic of China,Aves; Gallus gallus; Anser; Galliformes; Homo sapiens; Columbidae; Anas,2013_04_08_1; 2013_04_19_4; 2015_03_02_10; 2013_05_30_1; 2013_05_13_3; 2013_04_12_5; 2013_04_12_1; 2013_04_30_3; 2013_05_03_3; 2013_05_13_1; 2013_08_19_3; 2013_05_30_5; 2013_06_07_1; 2013_06_28_2; 2013_08_23_2; 2013_05_24_1; 2014_12_09_5
101,flu_00102,2014-07-22 to 2014-07-22,H5N2 subtype,Western Cape (admin level 1),South Africa,Aves; Galliformes,2014_10_15_2
102,flu_00103,2015-05-15 to 2015-05-15,H5N8 subtype,"Whitley County (admin level 2), Indiana (admin level 1)",United States of America,Aves; Gallus gallus; Anas; Galliformes,2015_05_15_5
103,flu_00104,2016-02-08 to 2016-02-08,Influenza A virus,Guangdong (admin level 1),People's Republic of China,Gallus gallus,2016_02_08_2
104,flu_00105,2013-05-30 to 2013-05-30,H7N9 subtype,Bar Municipality (admin level 1); Beijing (admin level 1),Montenegro,Homo sapiens,2013_05_30_4
105,flu_00106,2017-07-05 to 2017-07-06,H3N8 subtype,United States of America (country),United States of America,Aves; Homo sapiens,2017_07_05_1; 2017_07_14_1
106,flu_00107,2010-04-17 to 2010-04-25,H5N1 subtype,"Apriltsi Municipality (admin level 2), Lovech Province (admin level 1); Dhaka Division (admin level 1)",Bangladesh,Aves; Galliformes,2010_05_28_2; 2010_05_04_1
107,flu_00108,2008-06-13 to 2008-08-01,H5N1 subtype,Guangdong (admin level 1); Hong Kong (admin level 1),People's Republic of China,Aves; Gallus gallus; Galliformes; Anas; Homo sapiens,2008_08_01_2; 2008_06_19_4; 2008_06_13_1; 2008_06_19_2; 2008_06_26_2; 2011_12_22_3
108,flu_00109,2011-02-16 to 2011-03-15,H5N1 subtype,"Bhopal district (admin level 2), Madhya Pradesh (admin level 1); Distrito de Bhopal (admin level 2), Madhya Pradesh (admin level 1); Tripura (admin level 1); Kolkata district (admin level 2), West Bengal (admin level 1)",India,Aves; Galliformes; Anas,2011_03_22_2; 2011_02_22_4; 2011_03_15_3
109,flu_00110,2015-04-17 to 2015-05-15,H5N2 subtype,Taichung (admin level 1),Taiwan,Aves; Anas,2015_05_15_3; 2015_04_17_5
110,flu_00111,2010-02-26 to 2010-03-09,H5N1 subtype,"Jongtchong-gu (admin level 2), Suwon (admin level 1)",South Korea,Aves; Sus scrofa; Gallus gallus; Anas; Galliformes,2010_03_09_2
111,flu_00112,2016-10-28 to 2016-12-07,H5N8 subtype,"West Pomeranian Voivodeship (admin level 1); Prasia Elysiorum (admin level 2), Lubusz Voivodeship (admin level 1)",Poland,Aves; Gallus gallus; Anas; Galliformes,2016_11_15_6; 2016_12_01_5; 2016_12_29_6
112,flu_00113,2016-11-09 to 2016-12-13,H5N8 subtype,Austria (country),Austria,Aves,2016_11_15_9; 2016_12_13_1
113,flu_00114,2009-12-11 to 2010-01-20,H5N1 subtype,"Kompung Chinang (admin level 2), Kampong Chhnang Province (admin level 1); Ponhea Kraek District (admin level 2), Kampong Cham Province (admin level 1)",Cambodia,Aves; Homo sapiens,2010_01_20_1; 2009_12_22_3
114,flu_00115,2015-05-11 to 2015-05-11,H5N1 subtype,Kastamonu Vilayet (admin level 1),Ottoman Empire,Gallus gallus; Galliformes,2015_05_11_3
115,flu_00116,2011-04-05 to 2011-04-05,H7N1 subtype,"Schoren (admin level 2), Canton of Bern (admin level 1)",Switzerland,Aves; Galliformes,2011_04_05_4
116,flu_00117,2017-03-03 to 2017-03-30,Influenza A virus,South Chungcheong Province (admin level 1),South Korea,Aves; Gallus gallus; Anas,2017_03_03_5; 2017_05_12_7; 2017_03_08_7
117,flu_00118,2011-11-17 to 2011-11-17,H5N2 subtype,Western Cape (admin level 1),South Africa,Aves; Galliformes,2011_11_17_7
118,flu_00119,2016-01-16 to 2016-01-19,H7N9 subtype,"Chekiang Province, Republic of China (admin level 1)",Taiwan,Galliformes; Homo sapiens,2016_01_22_11; 2016_01_22_10
119,flu_00120,2011-05-18 to 2011-06-19,H5N2 subtype,Western Cape (admin level 1),South Africa,Aves; Galliformes; Homo sapiens,2011_06_20_4; 2011_05_18_1
120,flu_00121,2009-03-17 to 2009-03-30,H5N1 subtype,Aichi Prefecture (admin level 1),Japan,Aves; Galliformes; Homo sapiens,2009_03_17_5; 2009_03_30_3
121,flu_00122,2012-03-17 to 2012-03-19,H5N2 subtype,Waterschap Limburg (admin level 1),Netherlands,Aves; Galliformes,2012_03_23_4
122,flu_00123,2016-05-07 to 2016-07-24,H5N1 subtype,Al Sharqia Governorate (admin level 1); Giza Governorate (admin level 1); Cairo Governorate (admin level 1); Qena Governorate (admin level 1),Egypt,Aves; Gallus gallus; Anas; Homo sapiens,2016_05_20_1; 2016_07_12_6; 2016_06_24_3; 2016_10_17_6
123,flu_00124,2011-04-05 to 2011-04-05,H7N3 subtype,"Missouri (admin level 1); Polk County (admin level 2), Iowa (admin level 1)",United States of America,Phasianidae; Aves; Galliformes,2011_04_05_5
124,flu_00125,2009-06-24 to 2009-06-24,H1N1 subtype,Buenos Aires Province (admin level 1),Argentina,Sus scrofa,2009_07_21_1
125,flu_00126,2010-11-02 to 2010-11-02,H5N1 subtype,Connecticut (admin level 1),United States of America,Homo sapiens,2010_11_05_2
126,flu_00127,2013-10-28 to 2013-11-01,H5N1 subtype,West Java Province (admin level 1),Indonesia,Gallus gallus; Homo sapiens,2013_10_28_3; 2013_11_26_2
127,flu_00128,2016-11-04 to 2016-12-12,H5N8 subtype,"Oberhofen bei Kreuzlingen (admin level 2), Thurgau (admin level 1); Stansstad (admin level 2), Nidwalden (admin level 1); Belmont-sur-Lausanne (admin level 2), Lavaux-Oron District (admin level 1); Canton of Neuchâtel (admin level 1)",Switzerland,Aves; Chroicocephalus ridibundus; Galliformes; Anas platyrhynchos; Cepora; Laridae; Anas,2016_11_18_6; 2016_12_13_10; 2016_11_15_8
128,flu_00129,2010-02-19 to 2010-03-11,H5N1 subtype,Yangon Region (admin level 1); Sagaing Region (admin level 1),Myanmar,Aves; Gallus gallus; Galliformes; Anas,2010_03_11_2; 2010_03_09_3
129,flu_00130,2013-01-18 to 2013-03-01,H7N3 subtype,Jalisco (admin level 1),Mexico,Aves,2013_01_18_3; 2013_05_13_2
130,flu_00131,2012-05-22 to 2012-05-22,H5N1 subtype,Tripura (admin level 1),India,Aves; Galliformes,2012_05_22_1
131,flu_00132,2010-09-10 to 2010-09-10,H5N1 subtype,"Districtul Kuchinarai (admin level 2), Kalasin (admin level 1)",Thailand,Aves,2010_09_10_1
132,flu_00133,2008-03-28 to 2008-03-28,H5N1 subtype,Canton of Lucerne (admin level 1),Switzerland,Aves,2008_03_28_1
133,flu_00134,2007-09-26 to 2007-09-26,H5N1 subtype,Nigeria (country),Nigeria,Galliformes,2008_08_15_2
134,flu_00135,2006-12-01 to 2006-12-01,H5N1 subtype,"Essex County (admin level 2), Massachusetts (admin level 1)",United States of America,Aves; Sus scrofa,2006_12_01_1
135,flu_00136,2014-12-16 to 2014-12-29,H5N2 subtype,British Columbia (admin level 1),Canada,Aves; Gallus gallus; Galliformes; Homo sapiens,2014_12_16_2; 2014_12_29_3; 2014_12_23_1
136,flu_00137,2015-01-30 to 2015-03-27,H5N1 subtype,"Obshtina Iskŭr (munisipyo sa Bulgaria) (admin level 2), Pleven Province (admin level 1); Burgas Province (admin level 1); Silistra Province (admin level 1); Burgas (city)",Bulgaria,Aves; Pelecanus crispus; Chroicocephalus ridibundus; Pelecanidae; Galliformes,2015_03_27_1; 2015_01_30_1
137,flu_00138,2007-02-26 to 2007-06-15,H5N1 subtype,"Dinajpur District, Bangladesh (admin level 2), Rangpur Division (admin level 1); Naogaon District (admin level 2), Rajshahi Division (admin level 1); distretto de Magura (admin level 2), Khulna Division (admin level 1); Rajshahi Division (admin level 1); Dhaka Division (admin level 1)",Bangladesh,Aves; Columbidae; Galliformes; Homo sapiens; Gallus gallus; Anas,2009_01_14_2; 2008_10_24_2; 2007_05_11_2; 2007_06_15_2; 2007_05_03_3; 2007_04_02_3; 2008_01_18_3; 2007_06_22_3
138,flu_00139,2008-01-04 to 2008-02-23,H5N1 subtype,"Barisal Division (admin level 1); Natore District (admin level 2), Rajshahi Division (admin level 1); Dakshin Dinajpur district (admin level 2), West Bengal (admin level 1); Chittagong (admin level 2), Chattogram Division (admin level 1); Mymensingh Division (admin level 1); Distrik Jessore (admin level 2), Khulna Division (admin level 1); Meherpur (admin level 2), Khulna Division (admin level 1); Dhaka Division (admin level 1)",Bangladesh,Aves; Columbidae; Podiceps nigricollis; Corvus; Galliformes; Gallus gallus; Anas,2008_02_08_4; 2008_02_08_2; 2008_02_01_1; 2008_01_18_3; 2008_02_20_2; 2008_01_25_2; 2008_01_10_3; 2008_03_03_2
139,flu_00140,2005-12-26 to 2005-12-26,H5N1 subtype,Hunan (admin level 1),People's Republic of China,Gallus gallus; Anas,2008_06_06_1
140,flu_00141,2008-10-02 to 2008-11-14,H5N1 subtype,"Uthai Thani (admin level 1); Sawankhalok (admin level 1); Sukhothai (admin level 1); Amphoe Thung Saliam (admin level 2), Sukhothai (admin level 1); Pho Prathap Chang (admin level 2), Phichit (admin level 1)",Thailand,Aves; Gallus gallus; Anas; Homo sapiens,2008_11_07_4; 2008_11_14_2; 2008_10_02_3
141,flu_00142,2010-06-29 to 2010-06-29,H5N1 subtype,Tuva (admin level 1),Russia,Aves; Podiceps cristatus,2010_06_29_1
142,flu_00143,2014-03-28 to 2014-03-28,H5N1 subtype,"Distrik Jessore (admin level 2), Khulna Division (admin level 1)",Bangladesh,Aves; Gallus gallus; Galliformes,2014_04_10_1
143,flu_00144,2011-01-29 to 2011-02-12,H5N1 subtype,"Banteay Meanchey Province (admin level 1); Russei Keo District (admin level 2), Phnom Penh (admin level 1); Kandal Province (admin level 1)",Cambodia,Galliformes; Gallus gallus; Homo sapiens,2011_02_11_8; 2011_02_11_4; 2011_02_28_5
144,flu_00145,2008-08-28 to 2008-08-28,H5N1 subtype,"Parakou (admin level 2), Borgou Department (admin level 1); Lokossa (admin level 2), Mono Department (admin level 1)",Benin,Galliformes; Gallus gallus,2008_08_28_2
145,flu_00146,2009-01-20 to 2009-02-23,H5N1 subtype,British Columbia (admin level 1),Canada,Aves; Galliformes; Homo sapiens,2009_02_23_5; 2009_01_30_2
146,flu_00147,2007-07-03 to 2007-07-17,H5N1 subtype,Siberia; Buryatia (admin level 1); Tomsk Oblast (admin level 1),Russia,Aves; Galliformes,2007_07_05_3; 2007_07_20_2
147,flu_00148,2008-06-19 to 2008-09-22,H5N1 subtype,"Long An (admin level 1); Quang Ngai (admin level 2), Quảng Ngãi (admin level 1); Ben Tre (admin level 1)",Vietnam,Galliformes; Anas; Gallus gallus; Aves; Homo sapiens,2008_08_11_4; 2008_08_22_2; 2008_07_18_2; 2008_06_19_3; 2008_10_02_2; 2008_08_15_4
148,flu_00149,2015-08-24 to 2015-12-04,H5N1 subtype,Vietnam (country),Vietnam,Aves,2015_08_24_7; 2015_10_16_4; 2015_09_04_3; 2015_09_30_5; 2015_12_04_4
149,flu_00150,2007-11-04 to 2007-11-04,H5N1 subtype,Fukui Prefecture (admin level 1),Japan,Aves; Galliformes,2007_02_16_3
150,flu_00151,2014-11-25 to 2015-01-08,Influenza A virus,Miyazaki Prefecture (admin level 1),Japan,Aves; Gallus gallus; Galliformes,2015_01_08_5; 2014_11_25_1
151,flu_00152,2011-06-29 to 2011-11-17,H5N1 subtype,"Minnesota (admin level 1); Hong Kong (admin level 1); Maine (admin level 1); Wright County (admin level 2), Iowa (admin level 1)",United States of America,Aves; Galliformes; Homo sapiens,2011_08_11_3; 2011_09_30_1; 2011_11_17_1; 2011_07_06_4
152,flu_00153,2015-08-07 to 2015-08-24,H5N1 subtype,State of Palestine (country),State of Palestine,Aves; Homo sapiens,2015_08_24_6; 2015_08_07_6
153,flu_00154,2010-03-29 to 2010-03-29,H5N1 subtype,Varna Province (admin level 1),Bulgaria,Aves,2010_04_02_1
154,flu_00155,2012-08-30 to 2012-08-30,H5N1 subtype,"North 24 Parganas district (admin level 2), West Bengal (admin level 1)",India,Galliformes; Gallus gallus; Aves,2012_08_30_1
155,flu_00156,2015-06-10 to 2015-06-10,Influenza A virus,"Gangjin (admin level 2), South Jeolla Province (admin level 1); Seoul (admin level 1)",South Korea,Aves; Galliformes; Anas,2015_09_18_1
156,flu_00157,2008-04-30 to 2008-04-30,H5N1 subtype,"Shpola Raion (admin level 2), Cherkasy Oblast (admin level 1)",Ukraine,Aves; Gallus gallus; Homo sapiens,2008_04_30_4
157,flu_00158,2007-08-14 to 2007-11-01,H5N1 subtype,"West Jakarta (admin level 2), Jakarta (admin level 1); Jakarta (admin level 1); Tangerang Selatan (admin level 2), Banten Province (admin level 1); Bogor Regency (admin level 2), West Java Province (admin level 1); Bekasi Regency (admin level 2), West Java Province (admin level 1)",Indonesia,Galliformes; Gallus gallus; Anas; Homo sapiens,2007_10_05_3; 2007_08_14_2; 2007_11_01_4; 2012_02_02_8
158,flu_00159,2013-05-01 to 2013-06-17,H7N3 subtype,"Guanajuato (admin level 1); Palmar de Bravo Municipality (admin level 2), Puebla (admin level 1); Puebla (admin level 1); Jalisco (admin level 1); Aguascalientes (admin level 1)",Mexico,Aves; Galliformes; Homo sapiens,2013_06_17_2; 2013_05_23_1; 2013_05_13_2
159,flu_00160,2014-01-01 to 2014-01-01,H9N2 subtype,"Hong Kong (admin level 1); Shenzhen (admin level 2), Guangdong (admin level 1)",People's Republic of China,Homo sapiens,2014_01_09_9
160,flu_00161,2008-07-25 to 2008-09-08,H5N1 subtype,"New London County, Connecticut (admin level 2), Connecticut (admin level 1); California (admin level 1); La Crosse County (admin level 2), Wisconsin (admin level 1); Idaho (admin level 1)",United States of America,Galliformes; Gallus gallus; Aves; Homo sapiens,2008_09_08_2; 2008_09_08_4; 2008_07_25_5
161,flu_00162,2008-03-31 to 2008-05-12,H5N1 subtype,"South Gyeongsang Province (admin level 1); Santa Terezinha do Progresso (admin level 2), Santa Catarina (admin level 1); Jeonju (admin level 2), North Jeolla Province (admin level 1); Busan (admin level 1); Seoul (admin level 1); Daegu (admin level 1); Gimje (admin level 2), North Jeolla Province (admin level 1); Seongnam (admin level 2), Gyeonggi Province (admin level 1); Naju (admin level 2), South Jeolla Province (admin level 1)",South Korea,Aves; Gallus gallus; Galliformes; Anas,2008_04_18_3; 2008_05_02_4; 2008_04_15_3; 2008_07_25_1; 2008_05_16_3; 2008_05_09_2
162,flu_00163,2010-03-27 to 2010-03-27,H5N1 subtype,Tulcea County (admin level 1),Romania,Aves; Gallus gallus; Galliformes,2010_04_02_3
163,flu_00164,2011-04-21 to 2011-06-07,H5N1 subtype,Phnom Penh (admin level 2); Prey Veng Province (admin level 1),Cambodia,Galliformes; Homo sapiens,2011_04_28_7; 2011_06_20_5
164,flu_00165,2008-06-03 to 2008-06-03,H5N1 subtype,"Aomori Prefecture (admin level 1); Apriltsi Municipality (admin level 2), Lovech Province (admin level 1)",Bulgaria,Aves,2008_06_06_2
165,flu_00166,2007-06-12 to 2007-11-01,H5N1 subtype,"Hoang Mai (admin level 2), Hanoi (admin level 1); Cao Bang (admin level 1); Tra Vinh (admin level 2), Trà Vinh (admin level 1); Thai Binh illoqarfik (admin level 2), Thái Bình (admin level 1)",Vietnam,Aves; Gallus gallus; Galliformes; Anas,2007_10_29_4; 2007_08_17_3; 2007_06_12_4; 2007_09_04_3; 2007_07_27_3; 2007_11_01_3
166,flu_00167,2008-10-24 to 2008-10-24,H5N3 subtype,"Leipzig District (admin level 1); Goerlitz District (admin level 2), Dresden District (admin level 1)",Germany,Aves; Galliformes; Anas,2008_10_24_3
167,flu_00168,2010-06-29 to 2010-08-18,H5N1 subtype,"Rajshahi Division (admin level 1); Narayanganj District (admin level 2), Dhaka Division (admin level 1)",Bangladesh,Gallus gallus; Galliformes; Anas; Sus scrofa,2010_08_16_3; 2010_06_29_2; 2010_08_18_3
168,flu_00169,2009-08-29 to 2009-08-29,H5N1 subtype,"distretto de Chittagong (admin level 2), Chattogram Division (admin level 1)",Bangladesh,Galliformes,2009_09_25_2
169,flu_00170,2014-12-20 to 2015-2-2,H5N8 subtype,"Clark County (admin level 2), Kansas (admin level 1); Baja California Sur (admin level 1); Oregon (admin level 1); Kings County (admin level 2), New York (admin level 1); Winston County (admin level 2), Mississippi (admin level 1); Deschutes County (admin level 2), Oregon (admin level 1); Grays Harbor County (admin level 2), Washington (admin level 1); Washington (admin level 1); California (admin level 1); Canyon County (admin level 2), Idaho (admin level 1); Nevada (admin level 1)",United States of America,Aves; Gallus gallus; Galliformes; Anas; Mareca americana,2015_02_23_6; 2015_02_06_9; 2015_01_16_1; 2015_03_02_3; 2014_12_29_4; 2015_02_23_7; 2015_03_06_1; 2014_12_23_3
170,flu_00171,2011-09-17 to 2011-09-17,H5N1 subtype,"Mahalapye (admin level 2), Central District (admin level 1)",Botswana,Homo sapiens,2011_11_17_8
171,flu_00172,2016-11-07 to 2016-12-19,H5N8 subtype,Krasnodar Krai (admin level 1),Russia,Aves; Sus scrofa; Galliformes; Homo sapiens,2016_12_06_16; 2016_12_29_8
172,flu_00173,2013-10-28 to 2013-10-28,H7N2 subtype,New South Wales (admin level 1),Australia,Galliformes; Gallus gallus; Anas,2013_10_28_7; 2013_10_28_2
173,flu_00174,2012-01-16 to 2012-03-07,H5N1 subtype,"Ho Chi Minh City (admin level 1); Bac Lieu (admin level 1); Ha Tinh (admin level 1); Tra Vinh (admin level 2), Trà Vinh (admin level 1); Kien Giang (admin level 1); Thanh Hoa (admin level 2), Thanh Hóa (admin level 1)",Vietnam,Aves; Galliformes; Homo sapiens,2012_02_29_4; 2012_03_12_6; 2012_02_22_5; 2012_02_02_16
174,flu_00175,2014-08-12 to 2014-09-30,H5N6 subtype,"Quang Ngai (admin level 2), Quảng Ngãi (admin level 1); District de Thanh Xuan (admin level 2), Hanoi (admin level 1); Ha Tinh (admin level 1); Lang Son (admin level 2), Lạng Sơn (admin level 1); Lao Cai (admin level 1)",Vietnam,Aves; Galliformes; Gallus gallus; Anas; Homo sapiens,2014_09_30_3; 2014_09_10_1; 2014_08_15_1; 2014_08_29_1
175,flu_00176,2008-03-03 to 2008-03-16,H5N1 subtype,"Ninh Binh (admin level 2), Ninh Bình (admin level 1); Ca Mau (admin level 1)",Vietnam,Aves; Gallus gallus; Galliformes; Paradoxurus hermaphroditus; Anas,2008_03_14_2; 2008_03_28_3
176,flu_00177,2007-09-27 to 2007-09-27,H7N3 subtype,Saskatchewan (admin level 1),Canada,Gallus gallus; Galliformes; Homo sapiens,2007_09_28_2; 2007_10_05_2
177,flu_00178,2006-03-26 to 2006-03-26,H5N1 subtype,Dhaka Division (admin level 1),Bangladesh,Galliformes; Gallus gallus; Homo sapiens,2008_06_02_3
178,flu_00179,2010-05-28 to 2010-05-28,H5N1 subtype,"Zeeland (Noord-Brabant) (admin level 2), Landerd (admin level 1)",Netherlands,Galliformes; Gallus gallus; Aves,2010_05_28_8
179,flu_00180,2015-11-09 to 2015-11-09,H5N8 subtype,Siberia,Russia,Aves; Gallus gallus; Anas; Galliformes,2015_11_09_1
180,flu_00181,2014-12-23 to 2015-01-07,H5N8 subtype,Germany (country),Germany,Aves; Galliformes,2015_01_08_2; 2014_12_23_2
181,flu_00182,2015-03-27 to 2015-03-27,H5N2 subtype,"Semnan Province (admin level 1); Pope County (Minnesota) (admin level 2), Minnesota (admin level 1)",Iran,Aves,2015_03_27_7
182,flu_00183,2013-02-22 to 2013-02-22,H5N1 subtype,Guanajuato (admin level 1),Mexico,Galliformes; Gallus gallus; Anas,2013_02_22_1
183,flu_00184,2007-02-16 to 2007-02-16,H5N1 subtype,Orenburg Oblast (admin level 1),Russia,Aves,2007_02_16_4
184,flu_00185,2014-04-22 to 2014-05-07,H5N6 subtype,Sichuan (admin level 1),People's Republic of China,Aves; Galliformes; Homo sapiens,2014_05_12_5
185,flu_00186,2017-05-05 to 2017-05-05,H5N8 subtype,England (admin level 1),United Kingdom,Aves; Gallus gallus,2017_05_12_11
186,flu_00187,2011-06-22 to 2011-06-22,H5N1 subtype,North Rhine-Westphalia (admin level 1); Lower Saxony (admin level 1),Germany,Aves,2011_07_06_2
187,flu_00188,2012-12-14 to 2012-12-26,H5N1 subtype,Krasnodar Krai (admin level 1),Russia,Aves; Galliformes,2014_10_06_1; 2012_12_14_1
188,flu_00189,2014-10-06 to 2014-10-06,H5N1 subtype,Altai Krai (admin level 1),Russia,Aves; Gallus gallus; Anas,2014_10_06_1
189,flu_00190,2013-06-28 to 2013-06-28,H7N7 subtype,Lower Saxony (admin level 1),Germany,Aves; Galliformes,2013_06_28_1
190,flu_00191,2007-07-27 to 2007-07-27,H5N1 subtype,Manipur (admin level 1),India,Galliformes,2007_07_27_2
191,flu_00192,2013-05-23 to 2013-05-23,H5N1 subtype,Lower Saxony (admin level 1),Germany,Aves; Galliformes; Homo sapiens,2013_05_23_5
192,flu_00193,2011-09-14 to 2011-09-26,H5N1 subtype,Jharkhand (admin level 1); West Bengal (admin level 1),India,Aves; Galliformes; Anas,2011_12_16_1; 2011_09_23_3
193,flu_00194,2007-11-14 to 2007-11-14,H5N1 subtype,Riyadh Region (admin level 1),Saudi Arabia,Galliformes; Gallus gallus; Aves,2007_11_23_2
194,flu_00195,2016-06-07 to 2016-06-19,H9N2 subtype,People's Republic of China (country),People's Republic of China,Aves; Gallus gallus; Homo sapiens,2016_06_07_1; 2016_06_24_6
195,flu_00196,2015-06-19 to 2015-07-31,H7N7 subtype,Germany (country),Germany,Aves; Gallus gallus; Homo sapiens,2015_07_31_1; 2015_06_19_1
196,flu_00197,2007-11-29 to 2007-11-29,H5N1 subtype,"Suffolk County (admin level 2), Massachusetts (admin level 1)",United States of America,Aves,2007_12_07_1
197,flu_00198,2016-01-22 to 2016-01-22,H5N2 subtype,Kaohsiung City (admin level 1),Taiwan,Aves; Galliformes,2016_01_22_5
198,flu_00199,2008-03-07 to 2008-03-07,H5N1 subtype,Basra Vilayet (admin level 1),Iraq,Galliformes,2008_03_07_3
199,flu_00200,2012-01-18 to 2012-01-18,H5N1 subtype,Banteay Meanchey Province (admin level 1),Cambodia,Gallus gallus; Galliformes; Homo sapiens,2012_02_02_14
200,flu_00201,2006-12-15 to 2006-12-15,H5N1 subtype,Little India (admin level 2),Singapore,Aves; Passeridae; Columbidae; Anser,2006_12_15_1
201,flu_00202,2016-10-22 to 2016-11-4,H5N8 subtype,"Distrito de Bhopal (admin level 2), Madhya Pradesh (admin level 1); Punjab (admin level 1); Delhi (admin level 1); Alappuzha (admin level 2), Kerala (admin level 1); Madhya Pradesh (admin level 1)",India,Aves; Ciconiidae; Galliformes; Gallus gallus; Anas,2016_11_07_3; 2016_11_15_12
202,flu_00203,2011-09-23 to 2011-09-23,H5N1 subtype,Hong Kong (admin level 1),People's Republic of China,Aves; Galliformes; Homo sapiens,2011_09_23_1
203,flu_00204,2015-03-31 to 2015-03-31,H5N1 subtype,"Kabupatén Tangerang (admin level 2), Banten Province (admin level 1)",Indonesia,Homo sapiens,2015_04_03_9
204,flu_00205,2009-10-07 to 2009-11-16,H5N1 subtype,"Mueang Suphan Buri (admin level 2), Suphanburi (admin level 1); Nan (admin level 1)",Thailand,Aves; Galliformes; Anas,2009_11_20_6
205,flu_00206,2015-01-08 to 2015-01-30,H5N1 subtype,Nigeria (country),Nigeria,Aves,2015_01_30_3; 2015_01_23_6
206,flu_00207,2011-12-13 to 2011-12-16,H5N1 subtype,"Katchiungo (admin level 2), Huambo Province (admin level 1); Hong Kong (admin level 1)",Angola,Aves; Chroicocephalus ridibundus,2011_12_22_1
207,flu_00208,2007-04-06 to 2007-04-06,H5N1 subtype,Kampong Cham Province (admin level 1),Cambodia,Aves; Gallus gallus; Anas; Homo sapiens,2007_04_23_2
208,flu_00209,2017-03-06 to 2017-03-06,H5N8 subtype,Vienna (admin level 1),Austria,Pelecanidae,2017_03_22_1
209,flu_00210,2012-11-15 to 2012-11-15,H5N1 subtype,New South Wales (admin level 1),Australia,Aves; Gallus gallus; Homo sapiens,2012_11_15_3
210,flu_00211,2016-11-21 to 2016-11-23,H5N1 subtype,Kano State (admin level 1); Bauchi State (admin level 1),Nigeria,Gallus gallus; Anas,2016_12_06_15
211,flu_00212,2008-10-15 to 2008-10-15,H5N1 subtype,"Lower Saxony (admin level 1); Goerlitz District (admin level 2), Dresden District (admin level 1)",Germany,Aves; Galliformes,2008_10_16_2
212,flu_00213,2009-11-06 to 2009-11-06,H1N1 subtype,Hong Kong (admin level 1),People's Republic of China,Sus scrofa,2009_11_06_4
213,flu_00214,2008-08-27 to 2008-09-18,H5N1 subtype,Luang Prabang Province (admin level 1),Laos,Aves; Galliformes; Anas; Homo sapiens,2008_09_11_2; 2008_09_18_2
214,flu_00215,2009-08-06 to 2009-08-06,H5N1 subtype,Arkhangai Province (admin level 1),Mongolia,Aves; Anser,2009_08_28_1
215,flu_00216,2008-03-07 to 2008-03-07,H5N1 subtype,Phatthalung (admin level 1),Thailand,Galliformes; Anas,2008_03_07_4
216,flu_00217,2017-01-03 to 2017-02-07,H5N8 subtype,Wales (admin level 1),United Kingdom,Aves; Galliformes; Gallus gallus; Anas platyrhynchos; Anas,2017_01_10_20; 2017_02_07_14
217,flu_00218,2016-09-09 to 2017-01-10,H5N6 subtype,Hunan (admin level 1); Hong Kong (admin level 1),People's Republic of China,Aves; Gallus gallus; Galliformes; Homo sapiens,2016_09_09_1; 2016_12_01_11; 2016_10_17_2; 2017_01_10_10; 2016_12_06_20
218,flu_00219,2010-12-09 to 2010-12-09,H5N1 subtype,Samukh District (admin level 1),Azerbaijan,Aves; Galliformes,2010_12_09_2
219,flu_00220,2015-06-26 to 2015-06-26,H5N1 subtype,Sohag Governorate (admin level 1),Egypt,Homo sapiens,2015_06_26_5
220,flu_00221,2015-11-18 to 2015-11-18,Influenza A virus,Oregon (admin level 1),United States of America,Aves; Galliformes; Metazoa,2015_12_16_1
221,flu_00222,2013-05-31 to 2013-05-31,Influenza A virus,County of Viborg and Nyslott (admin level 1),Swedish Empire,Aves; Ciconiidae; Galliformes; Anas,2013_06_07_2
222,flu_00223,2016-10-21 to 2016-10-21,H5N1 subtype,"Gwalior (admin level 2), Madhya Pradesh (admin level 1); South Delhi (admin level 2), Delhi (admin level 1); Delhi (admin level 1)",India,Aves; Ciconiidae,2016_10_21_2
223,flu_00224,2016-12-26 to 2017-02-07,H5N1 subtype,Odisha (admin level 1); Andaman and Nicobar Islands (admin level 1),India,Aves; Gallus gallus; Galliformes; Anas,2017_01_10_11; 2017_01_13_4
224,flu_00225,2014-12-06 to 2014-12-06,Influenza A virus,"Nanchang (admin level 2), Jiangxi (admin level 1)",People's Republic of China,Galliformes; Homo sapiens,2014_02_07_4
225,flu_00226,2014-07-25 to 2014-07-25,H5N8 subtype,"Hampyeong County (admin level 2), South Jeolla Province (admin level 1); Hampyeong (admin level 2), South Jeolla Province (admin level 1)",South Korea,Gallus gallus; Galliformes; Anas,2014_08_01_1
226,flu_00227,2006-12-06 to 2006-12-20,H5N1 subtype,Bac Lieu (admin level 1); Ca Mau (admin level 1),Vietnam,Aves; Gallus gallus; Anas; Galliformes,2006_12_22_2; 2007_01_08_3
227,flu_00228,2007-03-23 to 2007-03-23,H5N1 subtype,Punjab (admin level 1),Pakistan,Corvus; Gallus gallus,2007_03_23_2
228,flu_00229,2017-02-20 to 2017-02-20,H5N8 subtype,Catalonia (admin level 1),Spain,Galliformes; Ciconia ciconia; Anser; Aves,2017_03_03_1
229,flu_00230,2007-01-04 to 2007-02-07,H5N1 subtype,Kumamoto Prefecture (admin level 1),Japan,Aves; Gallus gallus; Galliformes; Anas,2007_03_23_1; 2007_02_07_2
230,flu_00231,2011-11-17 to 2011-11-17,H5N1 subtype,Battambang Province (admin level 1),Cambodia,Gallus gallus; Galliformes; Anser; Anas,2011_11_17_3
231,flu_00232,2010-05-17 to 2010-05-28,H5N1 subtype,"West Bank (admin level 1); Tulkarm Governorate (admin level 2), West Bank (admin level 1)",Israel,Aves; Gallus gallus; Galliformes,2010_05_17_4; 2010_05_28_6
232,flu_00233,2008-01-10 to 2008-01-10,H5N1 subtype,England (admin level 1),United Kingdom,Cygnus; Anas; Homo sapiens,2008_01_10_2
233,flu_00234,2009-03-04 to 2009-03-04,H7N6 subtype,Aichi Prefecture (admin level 1),Japan,Aves; Gallus gallus; Galliformes,2009_03_10_3
234,flu_00235,2014-01-02 to 2014-03-20,H5N1 subtype,Hubei (admin level 1),People's Republic of China,Galliformes; Gallus gallus; Aves,2014_02_19_8; 2014_01_22_3; 2014_01_09_2; 2014_03_20_2
235,flu_00236,2015-12-18 to 2016-02-08,H5N8 subtype,Kaohsiung City (admin level 1),Taiwan,Aves; Galliformes; Gallus gallus; Anas,2015_12_18_4; 2016_02_08_6; 2016_01_08_5
236,flu_00237,2016-07-19 to 2016-07-19,H5N8 subtype,Kaohsiung City (admin level 1),Taiwan,Gallus gallus; Anser,2016_07_19_4
237,flu_00238,2011-08-14 to 2011-08-14,H5N1 subtype,Beni Suef Governorate (admin level 1),Egypt,Aves; Gallus gallus; Galliformes; Anas,2011_08_19_1
238,flu_00239,2009-12-3 to 2009-12-3,H1N1 subtype,Sicily (admin level 1),Italy,Sus scrofa,2010_01_20_7
239,flu_00240,2016-04-20 to 2016-06-20,H5N2 subtype,Taipei (admin level 1); Taichung (admin level 1),Taiwan,Gallus gallus; Galliformes,2016_06_24_5; 2016_04_20_3; 2016_05_20_6
240,flu_00241,2008-04-08 to 2008-07-25,H5N1 subtype,"Primorsky Krai (admin level 1); Perm Krai (admin level 1); Republic of Crimea (admin level 1); Altai Krai (admin level 1); Ural Oblast (admin level 2), Russian Republic (admin level 1)",Russia,Aves; Gallus gallus; Galliformes; Anas,2008_06_02_1; 2008_07_25_2; 2008_04_18_2
241,flu_00242,2013-02-22 to 2013-02-22,H5N1 subtype,Brandenburg (admin level 1),Germany,Gallus gallus; Galliformes,2013_02_22_2
242,flu_00243,2008-09-11 to 2008-09-11,H5N1 subtype,Oslomej Municipality (admin level 1),Macedonia,Aves; Gallus gallus; Galliformes,2008_09_11_3
243,flu_00244,2016-11-15 to 2016-12-20,H5N6 subtype,Akita Prefecture (admin level 1),Japan,Aves; Cygnus atratus; Homo sapiens,2016_12_01_3; 2016_12_20_3
244,flu_00245,2013-07-15 to 2013-07-15,H7N7 subtype,Saint George Parish (admin level 1),Dominica,Aves; Galliformes; Homo sapiens,2013_07_15_2
245,flu_00246,2013-04-19 to 2013-04-26,H5N1 subtype,Cairo Governorate (admin level 1),Egypt,Galliformes; Gallus gallus; Anas; Homo sapiens,2013_04_19_3; 2014_02_19_9
246,flu_00247,2015-05-22 to 2015-07-08,H5N1 subtype,Istanbul Province (admin level 1),Turkey,Aves; Galliformes; Metazoa,2015_07_08_1; 2015_05_22_4
247,flu_00248,2014-12-29 to 2014-12-29,H5N6 subtype,"Vinh Long City (admin level 2), Vĩnh Long (admin level 1); Quang Ngai (admin level 2), Quảng Ngãi (admin level 1)",Vietnam,Galliformes,2014_12_29_7
248,flu_00249,2015-11-09 to 2015-11-09,H5N1 subtype,South Jeolla Province (admin level 1),South Korea,Aves,2015_11_09_3
249,flu_00250,2011-03-16 to 2011-03-29,H5N1 subtype,Sagaing Region (admin level 1),Myanmar,Gallus gallus; Galliformes,2011_03_29_6
250,flu_00251,2014-02-06 to 2014-02-06,H5N1 subtype,Odisha (admin level 1); Orissa (admin level 1),India,Corvus; Corvus splendens; Galliformes,2014_03_07_9
251,flu_00252,2013-03-01 to 2013-03-18,H5N1 subtype,"Purnia (admin level 2), Bihar (admin level 1); Khordha (admin level 2), Odisha (admin level 1); Odisha (admin level 1); Ganjam (admin level 2), Odisha (admin level 1); distretto di Madhepura (admin level 2), Bihar (admin level 1); Lakhimpurin piirikunta (admin level 2), Assam (admin level 1)",India,Aves; Gallus gallus; Galliformes,2013_03_01_1; 2013_03_18_2
252,flu_00253,2016-04-30 to 2016-04-30,H5N1 subtype,"Jasper County (admin level 2), Illinois (admin level 1); Missouri (admin level 1)",United States of America,Aves,2016_05_06_5
253,flu_00254,2007-08-11 to 2007-08-11,H5N1 subtype,Oslomej Municipality (admin level 1),Macedonia,Aves; Gallus gallus; Galliformes,2007_08_17_2
254,flu_00255,2014-08-29 to 2014-09-30,Influenza A virus,"Berks County (admin level 2), Pennsylvania (admin level 1)",United States of America,Aves; Anas; Homo sapiens,2014_08_29_2; 2014_09_30_1
255,flu_00256,2017-03-22 to 2017-03-22,H5N1 subtype,"Tây Ninh (admin level 2), Tay Ninh Province (admin level 1)",Vietnam,Aves; Galliformes,2017_03_22_13
256,flu_00257,2016-11-12 to 2016-11-12,H5N8 subtype,Åland Islands (admin level 1),Finland,Aves; Galliformes; Anas,2016_12_06_2
257,flu_00258,2008-01-04 to 2008-01-04,H5N1 subtype,"Dangbo (admin level 2), Ouémé Department (admin level 1)",Benin,Gallus gallus; Anas,2008_01_04_4
258,flu_00259,2017-05-22 to 2017-05-22,H5N5 subtype,Netherlands (country),Netherlands,Aves; Anser; Homo sapiens,2017_05_30_1; 2017_06_06_1
259,flu_00260,2015-04-02 to 2015-04-02,Influenza A virus,Gaza Strip (admin level 1),State of Palestine,Aves; Galliformes; Homo sapiens,2015_04_03_7
260,flu_00261,2010-11-16 to 2010-11-22,H5N1 subtype,"Nam Dinh (admin level 2), Nam Định (admin level 1)",Vietnam,Aves; Galliformes; Anas,2010_12_03_4
261,flu_00262,2017-11-22 to 2017-11-22,H7N9 subtype,Fujian (admin level 1); Jiangsu (admin level 1); Zhejiang (admin level 1),People's Republic of China,Galliformes; Homo sapiens,2017_01_10_21
262,flu_00263,2016-01-11 to 2016-01-11,H5N1 subtype,Scotland (admin level 1),United Kingdom,Aves; Gallus gallus; Galliformes,2016_01_15_4
263,flu_00264,2015-04-03 to 2015-04-03,H5N6 subtype,Jiangsu (admin level 1),People's Republic of China,Aves; Anser,2015_04_03_5
264,flu_00265,2016-05-10 to 2016-05-10,H5N1 subtype,"distretto di Chhouk (admin level 2), Kampot Province (admin level 1); Kampot Province (admin level 1)",Cambodia,Gallus gallus; Homo sapiens,2016_05_20_5
265,flu_00266,2011-05-26 to 2011-05-26,H5N8 subtype,"Gochang (admin level 2), North Jeolla Province (admin level 1)",South Korea,Aves; Galliformes,2014_01_22_4
266,flu_00267,2017-03-08 to 2017-03-22,H7N9 subtype,"Tennessee (admin level 1); Giles County (admin level 2), Virginia (admin level 1)",United States of America,Aves; Gallus gallus; Galliformes; Homo sapiens,2017_03_22_10; 2017_03_08_13; 2017_03_22_11
267,flu_00268,2015-01-16 to 2015-01-16,H5N8 subtype,"Fujian Province, Republic of China (admin level 1)",Taiwan,Aves; Anser; Galliformes; Homo sapiens; Gallus gallus; Anas,2015_01_16_3
268,flu_00269,2007-05-30 to 2007-05-30,H5N1 subtype,Zamfara State (admin level 1),Nigeria,Aves; Galliformes; Anas,2007_05_30_4
269,flu_00270,2016-04-13 to 2016-04-13,H5N9 subtype,Veliko Tarnovo Province (admin level 1),Bulgaria,Gallus gallus; Galliformes; Anas; Homo sapiens,2016_04_26_2
270,flu_00271,2011-04-14 to 2011-04-14,H5N1 subtype,Sükhbaatar Province (admin level 1),Mongolia,Aves; Cygnus cygnus,2011_04_28_1
271,flu_00272,2012-06-29 to 2012-07-03,Influenza A virus,"Karawang (admin level 2), West Java Province (admin level 1)",Indonesia,Gallus gallus; Homo sapiens,2012_07_24_4
272,flu_00273,2015-04-01 to 2015-04-01,H5N1 subtype,"Kadiogo (admin level 2), Centre Region, Burkina Faso (admin level 1); Sanguié (admin level 2), Centre-Ouest Region (admin level 1)",Burkina Faso,Galliformes,2015_04_03_4
273,flu_00274,2014-10-24 to 2014-10-24,H5N6 subtype,Heilongjiang (admin level 1),People's Republic of China,Aves; Gallus gallus; Anas; Galliformes,2014_11_03_7
274,flu_00275,2015-11-13 to 2015-11-13,H5N2 subtype,Emilia-Romagna (admin level 1),Italy,Aves; Anas,2015_11_13_1
275,flu_00276,2009-12-11 to 2009-12-11,H9N2 subtype,Hong Kong (admin level 1),People's Republic of China,Homo sapiens,2010_01_12_7
276,flu_00277,2017-01-05 to 2017-01-18,Influenza A virus,Chile (country),Chile,Phasianidae; Aves,2017_01_23_7; 2017_01_10_9
277,flu_00278,2015-03-02 to 2015-03-02,H5N1 subtype,Sagaing Region (admin level 1),Myanmar,Gallus gallus,2015_03_02_5
278,flu_00279,2008-07-25 to 2008-07-25,H5N1 subtype,"Azov-Black Sea Krai (admin level 2), Russian Soviet Federative Socialist Republic (admin level 1); Republic of Crimea (admin level 1)",Ukraine,Aves,2008_07_25_2
279,flu_00280,2017-01-10 to 2017-01-10,Influenza A virus,Stara Zagora Province (admin level 1),Bulgaria,Aves,2017_01_10_8
280,flu_00281,2015-03-25 to 2015-03-30,H5N1 subtype,Tulcea County (admin level 1),Romania,Aves; Pelecanidae,2015_04_03_1
281,flu_00282,2016-04-20 to 2016-04-20,H7N3 subtype,Puebla (admin level 1); Jalisco (admin level 1); Veracruz (admin level 1),Mexico,Gallus gallus; Pavo cristatus,2016_04_20_1
282,flu_00283,2016-01-15 to 2016-01-15,H5N2 subtype,"Haute-Garonne (admin level 2), Languedoc-Roussillon-Midi-Pyrénées (admin level 1)",France,Gallus gallus; Galliformes; Anas,2016_01_15_2
283,flu_00284,2012-03-19 to 2012-03-25,H5N1 subtype,Giza Governorate (admin level 1),Egypt,Phasianidae; Galliformes; Homo sapiens,2012_04_12_5
284,flu_00285,2011-10-18 to 2011-10-18,H5N1 subtype,Mazandaran Province (admin level 1),Iran,Aves; Galliformes,2011_10_18_2
285,flu_00286,2017-01-23 to 2017-03-08,Influenza A virus,"Budaka (admin level 2), Eastern Region (admin level 1); Masaka (admin level 2), Central Region (admin level 1)",Uganda,Aves; Gallus gallus; Anas,2017_03_08_4; 2017_01_23_5
286,flu_00287,2015-11-13 to 2015-11-13,Influenza A virus,Eastern Cape (admin level 1),South Africa,Aves,2015_11_13_2
287,flu_00288,2016-12-27 to 2017-01-05,H5N8 subtype,New Taipei City (admin level 1),Taiwan,Gallus gallus,2017_01_10_19
288,flu_00289,2010-03-08 to 2010-03-08,H5N1 subtype,"Onderbanken (admin level 2), Limburg (admin level 1)",Netherlands,Aves; Gallus gallus; Galliformes; Homo sapiens,2010_03_26_2
289,flu_00290,2008-11-07 to 2008-11-07,H5N1 subtype,Pangasinan (admin level 1),Philippines,Aves,2008_11_07_1
290,flu_00291,2013-04-19 to 2013-04-19,H5N1 subtype,"Suffolk County (admin level 2), Massachusetts (admin level 1); England (admin level 1)",United States of America,Aves; Galliformes,2013_04_19_2
291,flu_00292,2017-05-12 to 2017-05-12,H5N8 subtype,Friuli–Venezia Giulia (admin level 1),Italy,Aves,2017_05_12_3
292,flu_00293,2007-09-28 to 2007-09-28,H5N1 subtype,"Taphan Hin (admin level 2), Phichit (admin level 1)",Thailand,Gallus gallus; Galliformes,2007_09_28_4
293,flu_00294,2011-03-29 to 2011-03-29,H5N1 subtype,Tasmania (admin level 1),Australia,Gallus gallus; Galliformes; Anas,2011_03_29_2
294,flu_00295,2014-10-24 to 2014-10-24,H5N2 subtype,"Suihua (admin level 2), Heilongjiang (admin level 1)",People's Republic of China,Aves; Gallus gallus; Anas,2014_11_03_5
295,flu_00296,2016-01-08 to 2016-01-11,Influenza A virus,Taichung (admin level 1),Taiwan,Passeridae,2016_01_15_1
